leg_pos	Residue	Domain	areaSAS	consurf_old	severity
4	R	A1	121.110130731016	0.278	Mild_Moderate
7	L	A1	0	-0.793	Severe
9	A	A1	0	-1.019	Mild_Moderate
10	V	A1	13.2051556266742	-0.746	Severe
12	L	A1	9.3881411999464	-0.134	Mild_Moderate
15	D	A1	8.52676677703857	-0.925	Mild_Moderate
45	V	A1	82.6076047420502	1.05	Mild_Moderate
47	K	A1	110.008249759674	0.316	Mild_Moderate
48	K	A1	0	-1.156	Severe
50	L	A1	0	-0.487	Severe
51	F	A1	0	-0.677	Severe
54	F	A1	7.76571707427502	-0.321	Severe
58	L	A1	91.9911497758003	-0.472	Severe
62	A	A1	7.05667571723461	0.228	Mild_Moderate
64	P	A1	86.6184076685459	0.452	Mild_Moderate
65	R	A1	35.3401525914669	-0.423	Mild_Moderate
69	M	A1	8.96546164155006	-0.336	Severe
71	L	A1	0	-0.889	Severe
75	T	A1	34.257206466049	-0.791	Mild_Moderate
78	A	A1	0	-0.698	Severe
82	D	A1	10.4451066870242	-0.71	Severe
88	L	A1	0	-0.836	Mild_Moderate
89	K	A1	64.1047992391759	-1.053	Mild_Moderate
90	N	A1	0.189118608832359	-1.177	Severe
93	S	A1	73.8621098995209	-0.865	Mild_Moderate
95	P	A1	44.8155994080007	-0.206	Mild_Moderate
97	S	A1	0	-1.039	Severe
101	V	A1	0	-0.091	Mild_Moderate
107	K	A1	21.9311287328601	-1.162	Severe
110	E	A1	2.73380440473557	-1.164	Severe
119	S	A1	11.2511824667454	-0.697	Mild_Moderate
128	V	A1	3.6209445297718	-0.882	Severe
135	T	A1	19.4799452299485	-0.232	Mild_Moderate
138	W	A1	0	-1.077	Severe
140	V	A1	0.484293341636658	-0.924	Mild_Moderate
143	E	A1	76.5926828235388	0.717	Mild_Moderate
144	N	A1	2.45690178871155	-0.223	Mild_Moderate
147	M	A1	51.610788166523	-0.496	Mild_Moderate
150	D	A1	6.99680010974407	-1.073	Mild_Moderate
151	P	A1	44.6551402211189	-0.666	Mild_Moderate
154	L	A1	9.80752193927765	-0.974	Mild_Moderate
157	S	A1	0	-0.606	Mild_Moderate
158	Y	A1	0	-1.138	Severe
159	L	A1	0	-0.476	Severe
161	H	A1	12.0290208160877	-0.601	Mild_Moderate
168	L	A1	0	0.973	Mild_Moderate
169	N	A1	0	-1.137	Severe
170	S	A1	0	-0.927	Mild_Moderate
175	A	A1	0	-0.652	Mild_Moderate
176	L	A1	0	-0.779	Severe
181	E	A1	127.671272516251	0.372	Mild_Moderate
195	F	A1	15.8895180956461	-0.109	Mild_Moderate
196	I	A1	10.7999360263348	-0.832	Mild_Moderate
197	L	A1	0	-0.566	Mild_Moderate
199	F	A1	0	-0.687	Severe
201	V	A1	0	-1.053	Mild_Moderate
205	G	A1	28.6257344484329	-0.498	Mild_Moderate
207	S	A1	3.10308834910393	-1.079	Severe
208	W	A1	29.318813547492	-0.304	Severe
210	S	A1	20.5553911738098	-0.332	Mild_Moderate
215	S	A1	102.090323328972	1.167	Mild_Moderate
224	S	A1	81.1101915240288	0.471	Mild_Moderate
226	R	A1	216.547476483509	2.914	Mild_Moderate
231	M	A1	37.2071163654327	0.74	Mild_Moderate
232	H	A1	7.50204339623451	-0.988	Mild_Moderate
235	N	A1	0	-1.106	Severe
237	Y	A1	1.52284547686577	-0.531	Mild_Moderate
241	S	A1	29.7307058572769	-0.774	Severe
242	L	A1	7.18830782175064	-0.779	Mild_Moderate
245	L	A1	4.42487677559257	-0.722	Severe
248	C	A1	0	-0.915	Mild_Moderate
250	R	A1	145.027258753777	1.011	Mild_Moderate
254	Y	A1	73.5964183658362	0.477	Mild_Moderate
257	V	A1	0	-0.444	Mild_Moderate
259	G	A1	0	-0.697	Severe
260	M	A1	0	-0.004	Severe
262	T	A1	0	-0.696	Mild_Moderate
264	P	A1	30.5367527604103	-0.434	Mild_Moderate
265	E	A1	36.708943836391	-0.566	Mild_Moderate
269	I	A1	0	-0.899	Severe
271	L	A1	4.93879577517509	-0.283	Severe
273	G	A1	41.8883801698685	0.035	Severe
277	L	A1	41.2786860250635	-0.002	Severe
280	N	A1	43.2573533095419	0.524	Mild_Moderate
284	A	A1	6.77101284265518	-0.069	Mild_Moderate
285	S	A1	0	-0.475	Mild_Moderate
286	L	A1	0	0.204	Severe
302	D	A1	68.3741040639579	0.995	Mild_Moderate
304	G	A1	30.9156659841537	-0.96	Severe
305	Q	A1	124.384101482108	0.703	Mild_Moderate
306	F	A1	27.5608664229512	-0.344	Mild_Moderate
309	F	A1	26.5586704015732	-0.789	Mild_Moderate
318	D	A1	64.3204520493746	-0.263	Mild_Moderate
319	G	A1	3.92506748437881	-0.955	Mild_Moderate
321	E	A1	22.9789283275604	-0.054	Mild_Moderate
325	K	A1	95.6638844609261	0.635	Mild_Moderate
375	A	A2	64.1950625088066	-0.301	Mild_Moderate
377	K	A2	208.248791666236	1.282	Severe
380	K	A2	66.9147816263139	1.117	Mild_Moderate
382	W	A2	18.306685090065	-0.149	Mild_Moderate
385	Y	A2	49.209848433733	0.012	Severe
392	D	A2	94.5768858492374	0.603	Mild_Moderate
393	W	A2	13.7289082878924	-1.092	Severe
395	Y	A2	0	-1.007	Severe
403	D	A2	78.8421714901924	1.204	Severe
405	R	A2	221.744049869478	0.137	Severe
415	G	A2	14.6337072849274	0.88	Severe
425	K	A2	0	-1.115	Severe
428	F	A2	0.372683078050613	-0.19	Severe
435	T	A2	72.3560853488743	-0.533	Mild_Moderate
448	I	A2	0	-0.74	Severe
453	L	A2	0.66893681883812	-0.852	Mild_Moderate
461	L	A2	0	0.64	Mild_Moderate
463	I	A2	0	-0.917	Severe
466	K	A2	45.7668319940567	-0.216	Mild_Moderate
467	N	A2	0.030268391594291	-1.15	Mild_Moderate
470	S	A2	70.0416663885117	-0.802	Mild_Moderate
474	N	A2	0.016270132735372	-1.079	Mild_Moderate
476	Y	A2	30.0001217547688	-0.15	Mild_Moderate
477	P	A2	0.73901230096817	-0.895	Severe
505	P	A2	67.1639816761017	-1.101	Mild_Moderate
506	G	A2	57.7848925590515	-0.876	Mild_Moderate
510	K	A2	63.9071683045477	0.323	Mild_Moderate
515	V	A2	1.35560071468353	-0.349	Mild_Moderate
520	G	A2	0.270029701292515	-0.627	Mild_Moderate
521	P	A2	10.4379487598198	-1.158	Mild_Moderate
522	T	A2	23.5029349327087	-0.42	Mild_Moderate
530	T	A2	0	-0.894	Mild_Moderate
532	Y	A2	0.282935351133347	-0.193	Mild_Moderate
533	Y	A2	0	-1.147	Severe
537	V	A2	43.9522841572762	0.928	Mild_Moderate
541	R	A2	78.4572659377009	-0.32	Mild_Moderate
542	D	A2	0	-1.087	Severe
543	L	A2	7.25550720095634	0.358	Mild_Moderate
545	S	A2	0	-1.016	Severe
548	I	A2	0.291044648736715	-0.733	Mild_Moderate
550	P	A2	2.9667184650898	-0.773	Severe
553	I	A2	0	-0.966	Mild_Moderate
554	C	A2	0	-0.968	Mild_Moderate
557	E	A2	30.5222965332214	1.33	Mild_Moderate
559	V	A2	1.35744190216064	-0.546	Mild_Moderate
564	N	A2	87.2535695058759	0.331	Mild_Moderate
567	M	A2	127.07251650095	-0.209	Mild_Moderate
574	I	A2	0	-0.843	Severe
576	F	A2	0	-0.928	Severe
577	S	A2	0.089999556541443	-0.708	Severe
580	D	A2	12.4028229936957	-1.09	Severe
581	E	A2	0	-1.126	Severe
583	R	A2	104.963062749244	0.872	Mild_Moderate
585	W	A2	43.3444690108299	-0.971	Severe
595	L	A2	10.0149493217468	0.041	Mild_Moderate
601	V	A2	27.0062326851767	0.579	Mild_Moderate
605	D	A2	34.5248167514801	-0.836	Mild_Moderate
616	S	A2	0	-0.672	Mild_Moderate
619	G	A2	0	-1.084	Severe
622	F	A2	19.5162860974669	-0.252	Mild_Moderate
626	Q	A2	65.916225218779	0.889	Mild_Moderate
631	L	A2	12.2745800018311	0.713	Mild_Moderate
632	H	A2	143.045725882053	0.168	Mild_Moderate
635	A	A2	0	0.153	Mild_Moderate
636	Y	A2	17.9577897489071	-0.087	Mild_Moderate
638	Y	A2	0	-0.738	Mild_Moderate
639	I	A2	0	-0.556	Mild_Moderate
642	I	A2	0.004573899786919	-0.708	Mild_Moderate
643	G	A2	9.78783170878887	-1.085	Severe
644	A	A2	56.4057306051254	-0.66	Mild_Moderate
650	S	A2	0	-0.984	Mild_Moderate
651	V	A2	0	-0.376	Mild_Moderate
652	F	A2	17.672194223851	-0.667	Mild_Moderate
653	F	A2	2.43463921546936	-0.933	Severe
657	T	A2	8.43954694271088	-0.44	Mild_Moderate
658	F	A2	0.045858483761549	-0.777	Mild_Moderate
662	M	A2	48.9224715158343	0.553	Mild_Moderate
663	V	A2	1.18676013476215	-0.077	Mild_Moderate
667	T	A2	15.5712386071682	-0.578	Mild_Moderate
670	L	A2	0.610122922807932	-0.88	Severe
674	S	A2	0.667782260105014	-0.549	Mild_Moderate
676	E	A2	4.72327932715416	0.132	Mild_Moderate
677	T	A2	1.26346429754631	-0.925	Mild_Moderate
681	S	A2	53.801752269268	-0.289	Mild_Moderate
688	W	A2	7.07985472679138	-0.819	Mild_Moderate
694	N	A2	4.63809821754694	-0.898	Mild_Moderate
695	S	A2	15.9414426311851	0.431	Mild_Moderate
700	R	A2	67.452110812068	-0.154	Mild_Moderate
705	L	A2	23.3465601801872	0.685	Mild_Moderate
706	L	A2	0	-0.385	Severe
708	V	A2	0.508015722851269	-0.985	Severe
1690	S	A3	134.716819524765	-0.315	Mild_Moderate
1693	K	A3	105.907844975591	0.784	Mild_Moderate
1699	F	A3	46.0095578879118	-0.61	Mild_Moderate
1707	W	A3	10.090111091733	-1.075	Severe
1708	D	A3	42.3188992738724	-0.739	Mild_Moderate
1710	G	A3	5.44085711048683	-0.111	Mild_Moderate
1711	M	A3	2.52205379121006	0.05	Severe
1730	F	A3	6.5488136857748	-0.835	Mild_Moderate
1736	Q	A3	50.8168030977249	-0.694	Severe
1738	F	A3	16.1606076955795	-1.069	Mild_Moderate
1745	Q	A3	79.9217983931303	0.823	Severe
1749	R	A3	93.524100381881	-0.452	Mild_Moderate
1751	E	A3	18.6905229871627	-1.127	Severe
1752	L	A3	16.5566463309806	0.731	Mild_Moderate
1753	N	A3	31.1845503747463	0.115	Mild_Moderate
1760	G	A3	0	-1.201	Severe
1763	I	A3	0	-1.065	Severe
1764	R	A3	31.1064240000414	-0.72	Mild_Moderate
1767	V	A3	33.8524541081861	-0.663	Mild_Moderate
1773	V	A3	0	-0.889	Mild_Moderate
1780	S	A3	76.8311221003532	-0.751	Mild_Moderate
1782	P	A3	42.4338992536068	-0.868	Mild_Moderate
1787	S	A3	0.066747147153365	-0.881	Severe
1789	L	A3	0.550420929677785	-0.999	Mild_Moderate
1791	S	A3	25.6310953944921	0.139	Mild_Moderate
1792	Y	A3	45.1871728599072	-0.748	Severe
1805	N	A3	12.2824900150299	-0.042	Severe
1807	V	A3	0	-0.756	Mild_Moderate
1817	W	A3	3.939448595047	-0.693	Mild_Moderate
1821	H	A3	123.416245341301	1.412	Mild_Moderate
1822	H	A3	24.5344123840332	0.187	Mild_Moderate
1824	A	A3	1.73163457214832	-0.866	Mild_Moderate
1828	D	A3	39.1013519912958	1.552	Severe
1830	F	A3	8.30437114332744	-0.428	Mild_Moderate
1832	C	A3	0.035570945590735	-1.151	Severe
1835	W	A3	2.54588717222214	-0.974	Severe
1840	D	A3	48.0657990574837	-0.602	Mild_Moderate
1842	D	A3	30.1104307472706	-0.911	Mild_Moderate
1844	E	A3	34.1488092935178	-0.905	Mild_Moderate
1845	K	A3	67.7246241159737	-0.029	Mild_Moderate
1849	S	A3	0	-1.088	Severe
1851	L	A3	0	-1.164	Severe
1853	G	A3	0	-1.161	Severe
1856	L	A3	0	-0.597	Severe
1857	V	A3	0	-0.864	Mild_Moderate
1858	C	A3	0	-1.196	Severe
1862	T	A3	23.4170137047768	-0.57	Severe
1863	L	A3	11.5102884019725	-0.841	Severe
1867	H	A3	74.612545334734	1.318	Mild_Moderate
1870	Q	A3	8.92221349477768	0.489	Mild_Moderate
1876	F	A3	0.081402537412942	-0.894	Mild_Moderate
1877	A	A3	0	0.016	Severe
1882	I	A3	3.07005492970347	-0.422	Mild_Moderate
1889	W	A3	56.3468064144254	-1.082	Mild_Moderate
1894	N	A3	1.33601882681251	-0.675	Mild_Moderate
1917	R	A3	63.9675415912643	0.316	Mild_Moderate
1918	F	A3	16.085871742107	-0.991	Mild_Moderate
1920	A	A3	0	-0.882	Severe
1921	I	A3	0	-1.106	Mild_Moderate
1924	Y	A3	45.4611855000258	-0.72	Mild_Moderate
1925	I	A3	10.4234392940998	-0.524	Mild_Moderate
1926	M	A3	33.5345855392516	0.536	Mild_Moderate
1927	D	A3	34.4754717573524	-0.957	Mild_Moderate
1931	G	A3	18.6842272281647	-1.158	Mild_Moderate
1940	I	A3	0.000768832163885	-0.438	Mild_Moderate
1944	L	A3	0	-1.083	Severe
1945	L	A3	3.70582282543182	-0.657	Severe
1946	S	A3	0	-1.049	Severe
1947	M	A3	22.1743886684999	-0.867	Mild_Moderate
1949	S	A3	38.027135014534	-0.126	Mild_Moderate
1950	N	A3	20.1144233010709	-0.366	Mild_Moderate
1955	S	A3	0	-0.847	Severe
1957	H	A3	0	-0.751	Mild_Moderate
1963	F	A3	1.15897132083774	-0.903	Mild_Moderate
1967	K	A3	57.9298765659332	0.385	Mild_Moderate
1970	E	A3	47.1886159181595	-0.169	Mild_Moderate
1974	A	A3	1.23340570926666	-0.741	Mild_Moderate
1978	L	A3	0	-1.164	Mild_Moderate
1980	P	A3	0.007062457501888	-1.091	Mild_Moderate
1988	M	A3	10.9670769944787	-1.099	Mild_Moderate
1994	G	A3	2.96499454975128	-1.162	Severe
1998	V	A3	0	-0.695	Mild_Moderate
2004	E	A3	67.3654465079308	-0.057	Mild_Moderate
2011	S	A3	3.57816290855408	-0.796	Mild_Moderate
2012	T	A3	0	-0.848	Mild_Moderate
2017	Y	A3	17.6728491187096	-0.509	Mild_Moderate
2025	L	C1	17.6290326528251	-0.884	Severe
2028	A	C1	48.466057099402	-0.093	Severe
2034	D	C1	74.7722552465275	-0.981	Mild_Moderate
2037	I	C1	6.55835580825806	-1.043	Severe
2041	G	C1	26.5967945456505	0.278	Mild_Moderate
2044	G	C1	59.8929224014282	0.504	Severe
2047	A	C1	10.9339192099869	0.2	Mild_Moderate
2048	P	C1	17.0663734674454	-0.95	Severe
2050	L	C1	22.3238353580236	-0.961	Mild_Moderate
2052	R	C1	23.4030784964561	-1.163	Severe
2062	W	C1	0	-1.165	Severe
2069	S	C1	0.653437674045563	-0.213	Severe
2072	K	C1	50.4257087986916	-1.102	Mild_Moderate
2082	H	C1	9.1262184381485	-1.035	Mild_Moderate
2090	R	C1	149.339677672833	-0.268	Mild_Moderate
2096	L	C1	1.00557085871696	0.413	Mild_Moderate
2102	I	C1	32.0202527638467	0.759	Mild_Moderate
2106	S	C1	1.21044337749481	-1.126	Severe
2112	W	C1	63.7871545553207	-1.081	Mild_Moderate
2117	G	C1	4.67297410964966	-0.869	Severe
2121	G	C1	26.8173658847809	1.464	Severe
2122	T	C1	49.8777271509171	1.304	Severe
2127	F	C1	107.701020818204	1.507	Mild_Moderate
2130	V	C1	97.5018753409386	0.138	Mild_Moderate
2131	D	C1	51.5381679534912	-0.381	Severe
2132	S	C1	18.3319937727938	-0.397	Mild_Moderate
2133	S	C1	82.8977204346738	-0.105	Mild_Moderate
2136	K	C1	82.3820044437889	-0.33	Mild_Moderate
2144	I	C1	0.194688856601715	-0.276	Severe
2146	A	C1	0	-0.983	Mild_Moderate
2157	S	C1	26.6016714572906	0.86	Mild_Moderate
2160	S	C1	0	-0.345	Mild_Moderate
2161	T	C1	0	-0.848	Severe
2165	E	C1	9.73108348250389	-1.154	Mild_Moderate
2171	L	C1	20.4656478688121	-0.131	Mild_Moderate
2174	C	C2	4.70160527527332	-1.1	Severe
2176	M	C2	55.3338864439866	0.466	Mild_Moderate
2177	P	C2	68.6947473883629	-0.942	Mild_Moderate
2179	G	C2	3.48828760534525	-1.16	Severe
2181	E	C2	88.0478144288063	-0.644	Mild_Moderate
2182	S	C2	86.3770047128201	1.045	Mild_Moderate
2185	I	C2	5.36915488541126	-1.107	Mild_Moderate
2190	I	C2	9.30314350128174	-0.717	Mild_Moderate
2193	S	C2	50.8793850615621	-1.183	Mild_Moderate
2199	M	C2	167.92640709877	1.186	Severe
2203	W	C2	0	-1.164	Mild_Moderate
2210	L	C2	13.8315646997653	-0.872	Mild_Moderate
2211	H	C2	88.2549308296293	-0.795	Severe
2214	G	C2	49.881050825119	-1.076	Mild_Moderate
2218	A	C2	0	-1.152	Mild_Moderate
2220	R	C2	18.8993657827377	-0.798	Mild_Moderate
2223	V	C2	87.2718628489947	0.62	Severe
2230	L	C2	0	-0.789	Severe
2231	Q	C2	20.0722168274224	-1.109	Mild_Moderate
2234	F	C2	14.7143250072841	-0.421	Mild_Moderate
2239	K	C2	15.0515151882792	-0.851	Mild_Moderate
2243	V	C2	0	-0.611	Mild_Moderate
2245	T	C2	0	-1.093	Mild_Moderate
2253	T	C2	46.7153564468026	0.076	Mild_Moderate
2255	M	C2	4.1348911523819	-0.833	Mild_Moderate
2261	L	C2	26.5609336197376	0.463	Severe
2262	I	C2	0.003977994900197	-0.385	Severe
2264	S	C2	22.1852049883455	0.017	Mild_Moderate
2265	S	C2	3.81639834016096	-1.105	Mild_Moderate
2271	W	C2	62.8674503080547	-1.082	Mild_Moderate
2295	N	C2	16.4097062274814	-0.67	Mild_Moderate
2296	S	C2	55.155755572021	0.593	Mild_Moderate
2303	T	C2	0	-0.608	Mild_Moderate
2305	Y	C2	26.7239435948431	-0.243	Mild_Moderate
2308	I	C2	0	-0.703	Mild_Moderate
2309	H	C2	25.8333988059312	-0.317	Severe
2311	Q	C2	70.0966985523701	0.666	Severe
2315	H	C2	132.21121423319	0.623	Mild_Moderate
2317	I	C2	0	-0.995	Mild_Moderate
2324	L	C2	32.7655716948211	-0.737	Mild_Moderate
