leg_pos	Residue	Domain	relSESA	consurf_old
1	A	A1	1.03941542465485	-0.438
2	T	A1	0.801030423867777	-0.496
3	R	A1	0.49938427588697	-0.784
4	R	A1	0.822534106666165	0.278
5	Y	A1	0.371263934068876	0.087
6	Y	A1	0.528311731252741	0.169
7	L	A1	0	-0.793
8	G	A1	0	-0.661
9	A	A1	0	-1.019
10	V	A1	0.207991587305327	-0.746
11	E	A1	0.502470388763002	-0.951
12	L	A1	0.250858119205765	-0.134
13	S	A1	0.593497607723613	1.351
14	W	A1	0.040698887995011	-1.05
15	D	A1	0.234857019251422	-0.925
16	Y	A1	0.074876110725973	-1.028
17	M	A1	0.6430924210141	2.716
18	Q	A1	0.586642628083806	0.714
19	S	A1	0.756224576076575	-0.13
20	D	A1	0.84445656075216	1.479
21	L	A1	0.428280041346247	1.159
22	G	A1	0.530461533908158	0.853
23	E	A1	0.804507766095846	1.455
24	L	A1	0.618730376667384	0.805
25	P	A1	1.01327109039676	0.069
26	V	A1	0.788064657859976	1.907
27	D	A1	0.824935855187604	0.354
28	A	A1	1.05435313167678	0.523
29	R	A1	0.948755559374568	0.614
30	F	A1	0.883027947747914	2.803
31	P	A1	0.666430081671496	2.841
32	P	A1	1.03286647302316	2.141
33	R	A1	0.886735460614482	2.671
34	V	A1	0.911264280079316	2.51
35	P	A1	0.971775178216084	1.313
36	K	A1	1.05867253638123	2.846
37	S	A1	1.06128299900575	2.753
38	F	A1	0.856060289477481	2.575
39	P	A1	0.964500358865891	1.191
40	F	A1	0.78761691975009	1.471
41	N	A1	1.06103921025852	1.162
42	T	A1	1.05126231003084	1.407
43	S	A1	0.831410957791386	0.961
44	V	A1	0.766114207390911	0.265
45	V	A1	0.753165207929374	1.05
46	Y	A1	0.483315199660249	-0.315
47	K	A1	0.749567879025656	0.316
48	K	A1	0	-1.156
49	T	A1	0	-0.939
50	L	A1	0	-0.487
51	F	A1	0	-0.677
52	V	A1	0.259029472232404	-0.716
53	E	A1	0.462330555699659	-1.037
54	F	A1	0.167527704939194	-0.321
55	T	A1	0.700888191149882	-0.597
56	D	A1	0.474351055956278	-0.939
57	H	A1	0.796502475692762	0.161
58	L	A1	0.677799968361231	-0.472
59	F	A1	0.231284078904846	-0.878
60	N	A1	0.858552995774391	0.413
61	I	A1	0.646529144080557	0.325
62	A	A1	0.458398388181873	0.228
63	K	A1	0.722944420902852	-0.562
64	P	A1	0.871458130678424	0.452
65	R	A1	0.611264754083104	-0.423
66	P	A1	0.586588183671004	-0.002
67	P	A1	0.766139222886199	-0.21
68	W	A1	0.337257126846367	-0.175
69	M	A1	0.17670760909507	-0.336
70	G	A1	0.322012519067904	-1.141
71	L	A1	0	-0.889
72	L	A1	0.021494551514627	-1.098
73	G	A1	0.081575178490781	-1.143
74	P	A1	0.297721179196912	-1.15
75	T	A1	0.561687879325454	-0.791
76	I	A1	0	-1.005
77	Q	A1	0.504451285059009	-0.082
78	A	A1	0	-0.698
79	E	A1	0.255055637681323	-0.62
80	V	A1	0.327797930977884	-0.868
81	Y	A1	0.864940100040065	0.176
82	D	A1	0.2572674966169	-0.71
83	T	A1	0.509639039053413	-0.27
84	V	A1	0	-0.9
85	V	A1	0.211016132108267	-0.425
86	I	A1	0	-0.521
87	T	A1	0.476028509995124	-0.744
88	L	A1	0	-0.836
89	K	A1	0.46193738001194	-1.053
90	N	A1	0.083317609558567	-1.177
91	M	A1	0.611866230879944	-0.446
92	A	A1	0.204575231056819	-1.131
93	S	A1	0.819148843092676	-0.865
94	H	A1	0.177536225883213	-0.203
95	P	A1	0.510272383322087	-0.206
96	V	A1	0	-0.07
97	S	A1	0	-1.039
98	L	A1	0	-0.674
99	H	A1	0	-1.015
100	A	A1	0	-0.872
101	V	A1	0	-0.091
102	G	A1	0	-1.143
103	V	A1	0	-0.618
104	S	A1	0.158032418063638	-0.652
105	Y	A1	0.027240367798616	-0.897
106	W	A1	0.664842040296311	0.135
107	K	A1	0.442638925250775	-1.162
108	A	A1	0.747272535794226	-0.221
109	S	A1	0.18722038365138	-1.001
110	E	A1	0.136005886584053	-1.164
111	G	A1	0	-1.143
112	A	A1	0.166968174204673	-0.604
113	E	A1	0.88111540489498	0.184
114	Y	A1	0.347840420751779	-1.137
115	D	A1	0.884361086467192	0.399
116	D	A1	0.204119162309195	-1.169
117	Q	A1	0.74016987289377	0.319
118	T	A1	0.402544062895529	-0.688
119	S	A1	0.362183341724832	-0.697
120	Q	A1	0.871059219459466	0.647
121	R	A1	0.826124433805564	1.005
122	E	A1	0.43957356276005	-1.114
123	K	A1	0.640256996738535	-0.823
124	E	A1	0.73802555363999	0.774
125	D	A1	0.175405579904598	-1.007
126	D	A1	0.482276695439051	-1.072
127	K	A1	0.827886207840025	0.065
128	V	A1	0.184782111538034	-0.882
129	F	A1	0.744811102404046	1.669
130	P	A1	0.643232903568212	-1.15
131	G	A1	0.946415852241407	-0.817
132	G	A1	0.266135892968152	0.359
133	S	A1	0.808810562297924	-0.241
134	H	A1	0.436820174763774	-0.458
135	T	A1	0.336765134558836	-0.232
136	Y	A1	0	-1.138
137	V	A1	0.380359331861853	-0.192
138	W	A1	0	-1.077
139	Q	A1	0.534289881383095	-0.344
140	V	A1	0.073080894151056	-0.924
141	L	A1	0.547839329245004	0.279
142	K	A1	0.896454938696489	1.361
143	E	A1	0.814082268747168	0.717
144	N	A1	0.102732846475188	-0.223
145	G	A1	0.203546863663501	-0.623
146	P	A1	0.34268038016579	-1.151
147	M	A1	0.451066836471292	-0.496
148	A	A1	1.06551300352315	2.579
149	S	A1	0.704330479377494	-0.075
150	D	A1	0.201014592160375	-1.073
151	P	A1	0.659546416055622	-0.666
152	L	A1	0.73088484307256	0.962
153	C	A1	0.442511571087445	-1.037
154	L	A1	0.22176564887471	-0.974
155	T	A1	0.247487050579529	-1.025
156	Y	A1	0.124792085956452	-0.659
157	S	A1	0	-0.606
158	Y	A1	0	-1.138
159	L	A1	0	-0.476
160	S	A1	0	-1.182
161	H	A1	0.297138646733178	-0.601
162	V	A1	0.420085121044229	-0.837
163	D	A1	0.383957488068921	-0.665
164	L	A1	0.129123972183123	0.391
165	V	A1	0.290930296241482	-0.852
166	K	A1	0.426786163255242	-0.189
167	D	A1	0	-1.169
168	L	A1	0	0.973
169	N	A1	0	-1.137
170	S	A1	0	-0.927
171	G	A1	0	-1.143
172	L	A1	0	-1.145
173	I	A1	0	-0.781
174	G	A1	0	-1.143
175	A	A1	0	-0.652
176	L	A1	0	-0.779
177	L	A1	0.187857950565615	-0.999
178	V	A1	0	-0.841
179	C	A1	0	-0.957
180	R	A1	0.599769857599904	-0.245
181	E	A1	0.865437411025357	0.372
182	G	A1	0.7104641533444	-0.595
183	S	A1	0.673796680035629	-0.075
184	L	A1	0.562137963572646	-0.695
185	A	A1	0.904473222489186	0.737
186	K	A1	1.00732484189657	1.368
187	E	A1	1.01669835622424	1.131
188	K	A1	0.9598598146088	0.417
189	T	A1	0.691622708422288	0.833
190	Q	A1	0.941583689837288	-0.006
191	T	A1	0.640905218255503	1.499
192	L	A1	0.730703024183825	1.916
193	H	A1	0.463430856166765	0.522
194	K	A1	0.888886187545919	-0.588
195	F	A1	0.24213905520445	-0.109
196	I	A1	0.188755554606672	-0.832
197	L	A1	0	-0.566
198	L	A1	0	-0.633
199	F	A1	0	-0.687
200	A	A1	0	-0.515
201	V	A1	0	-1.053
202	F	A1	0	-0.895
203	D	A1	0.271083789894611	-0.93
204	E	A1	0.167777443694548	-1.059
205	G	A1	0.542320119097154	-0.498
206	K	A1	0.586922698071507	-0.172
207	S	A1	0.296677209772031	-1.079
208	W	A1	0.416049018906998	-0.304
209	H	A1	0.49185870127393	-0.582
210	S	A1	0.563663898256388	-0.332
211	E	A1	0.915575062332533	1.271
212	T	A1	1.06494074504961	1.121
213	K	A1	1.02574763239707	1.268
214	N	A1	0.754596199804306	1.042
215	S	A1	0.965629461963685	1.167
216	L	A1	0.917325003662833	2.888
217	M	A1	0.712962753378316	0.249
218	Q	A1	0.885645614149362	0.295
219	D	A1	1.04196726997691	0.607
220	R	A1	0.793738980852184	2.619
221	D	A1	0.837583976792635	1.246
222	A	A1	0.991493571377186	1.16
223	A	A1	1.0703672987981	1.186
224	S	A1	0.852486353524026	0.471
225	A	A1	1.01084079610929	0.878
226	R	A1	1.03223174654512	2.914
227	A	A1	1.05406176752446	2.507
228	W	A1	0.810824581131254	1.252
229	P	A1	0.552971956245284	1.019
230	K	A1	0.658166578495798	0.356
231	M	A1	0.393973330431416	0.74
232	H	A1	0.144210124036453	-0.988
233	T	A1	0	-0.906
234	V	A1	0	-0.745
235	N	A1	0	-1.106
236	G	A1	0	-1.001
237	Y	A1	0.081293964630079	-0.531
238	V	A1	0.172880995329587	0.298
239	N	A1	0.810905579532312	-0.887
240	R	A1	0.577079993468557	-0.393
241	S	A1	0.462788403920432	-0.774
242	L	A1	0.148017972178953	-0.779
243	P	A1	0.467154927626225	-0.912
244	G	A1	0.79639894107078	-0.162
245	L	A1	0.154076579728929	-0.722
246	I	A1	0.573803085248288	0.74
247	G	A1	0	0.743
248	C	A1	0	-0.915
249	H	A1	0.482202236451771	0.178
250	R	A1	0.720546438157367	1.011
251	K	A1	0.495993712488894	0.214
252	S	A1	0.530683785293387	1.626
253	V	A1	0	-0.657
254	Y	A1	0.532280874611172	0.477
255	W	A1	0	-0.586
256	H	A1	0.290653794285607	-1.098
257	V	A1	0	-0.444
258	I	A1	0	-0.959
259	G	A1	0	-0.697
260	M	A1	0	-0.004
261	G	A1	0	-0.836
262	T	A1	0	-0.696
263	T	A1	0.269526414289258	0.535
264	P	A1	0.524325869811048	-0.434
265	E	A1	0.448630700348948	-0.566
266	V	A1	0.207981646594496	-0.858
267	H	A1	0	-1.053
268	S	A1	0	-1.015
269	I	A1	0	-0.899
270	F	A1	0.341449481251819	0.418
271	L	A1	0.127141421975756	-0.283
272	E	A1	0.638885163093992	-0.619
273	G	A1	0.964534503887016	0.035
274	H	A1	0.454439337114387	-0.882
275	T	A1	0.520313743571987	-0.47
276	F	A1	0.015727194567937	-0.865
277	L	A1	0.55594404606801	-0.002
278	V	A1	0.140045869966396	-0.781
279	R	A1	0.83456015173132	-0.479
280	N	A1	0.616121105284002	0.524
281	H	A1	0.3275934567543	-0.926
282	R	A1	0.246211556009694	-0.9
283	Q	A1	0.224220778900169	0.202
284	A	A1	0.398854915695486	-0.069
285	S	A1	0	-0.475
286	L	A1	0	0.204
287	E	A1	0.529369790035462	-0.245
288	I	A1	0	-0.435
289	S	A1	0.185520401332063	-0.89
290	P	A1	0	-0.665
291	I	A1	0	-0.557
292	T	A1	0.125978767038024	-0.693
293	F	A1	0.350303541565021	-0.685
294	L	A1	0.334066460388989	-0.209
295	T	A1	0.614101328656573	-0.941
296	A	A1	0.053748851297779	-0.883
297	Q	A1	0.581212732448911	-0.343
298	T	A1	0.201890611499045	-0.65
299	L	A1	0.60166180200271	1.131
300	L	A1	0	-0.5
301	M	A1	0.602506054436434	1.38
302	D	A1	0.761726883111971	0.995
303	L	A1	0.760753048635147	2.734
304	G	A1	0.5429496113916	-0.96
305	Q	A1	0.873965708756077	0.703
306	F	A1	0.277424339631998	-0.344
307	L	A1	0.265899015566368	0.239
308	L	A1	0	-0.562
309	F	A1	0.277590684355312	-0.789
310	C	A1	0	-0.923
311	H	A1	0.475855769748415	-0.392
312	I	A1	0	-0.702
313	S	A1	0.660545007251916	0.192
314	S	A1	0.709116647872846	-0.375
315	H	A1	0.190042001221462	-0.84
316	Q	A1	0.586004156673091	0.295
317	H	A1	0.876155356503028	0.389
318	D	A1	0.724892608273207	-0.263
319	G	A1	0.282296771879806	-0.955
320	M	A1	0	-1.145
321	E	A1	0.30006672004818	-0.054
322	A	A1	0	-0.993
323	Y	A1	0.561018143490036	1.813
324	V	A1	0.008945443217534	-0.306
325	K	A1	0.640415193249055	0.635
326	V	A1	0.106503077456897	-0.99
327	D	A1	0.542357070277016	0.219
328	S	A1	0.953676522036121	0.334
329	C	A1	0.528054777461741	-0.982
330	P	A1	0.821500874648458	0.561
331	E	A1	0.921764432006706	0.172
332	E	A1	0.787439349335258	0.015
333	P	A1	0.939046461229396	0.944
334	Q	A1	0.878325297233746	2.69
335	L	A1	1.01898880818158	2.871
336	R	A1	1.03535802252791	0.72
373	S	A2	1.11225018492929	-0.303
374	V	A2	1.01390245254925	0.445
375	A	A2	0.935314121867617	-0.301
376	K	A2	0.795273897082034	-0.544
377	K	A2	1.01557651343036	1.282
378	H	A2	0.96678604685154	1.477
379	P	A2	0.969406199958403	0.065
380	K	A2	0.579968350552632	1.117
381	T	A2	0.832529593882673	0.237
382	W	A2	0.183521592944847	-0.149
383	V	A2	0.702847203738848	1.406
384	H	A2	0.342339900389329	-0.82
385	Y	A2	0.410892200437182	0.012
386	I	A2	0.101708669201609	-1.033
387	A	A2	0	-1.033
388	A	A2	0	-0.883
389	E	A2	0.430763703381863	-0.776
390	E	A2	0.51899085363775	-1.118
391	E	A2	0.5661883514109	0.756
392	D	A2	0.873197045580533	0.603
393	W	A2	0.244458944182797	-1.092
394	D	A2	0.441336216060494	-0.671
395	Y	A2	0	-1.007
396	A	A2	0	-0.413
397	P	A2	0.743440986341655	-0.474
398	L	A2	0.84414516311008	0.83
399	V	A2	0.386822954524148	1.07
400	L	A2	0.943661138171212	2.009
401	A	A2	1.07610521343391	2.122
402	P	A2	0.475345092777204	1.75
403	D	A2	0.71645753527725	1.204
404	D	A2	0.945263962779876	-0.078
405	R	A2	0.944764528350571	0.137
406	S	A2	0.658925179213421	0.817
407	Y	A2	0.660833176860845	2.267
408	K	A2	0.391015080352579	1.28
409	S	A2	0.367267518774379	-0.022
410	Q	A2	0.682586797073676	1.539
411	Y	A2	0.18219048132501	1.189
412	L	A2	0.071925980526539	0.352
413	N	A2	0.612687563135428	0.215
414	N	A2	0.770938610933411	1.044
415	G	A2	0.409885540378649	0.88
416	P	A2	0.796437178160634	-0.198
417	Q	A2	0.596525061290985	-0.069
418	R	A2	0.406739547391222	-0.081
419	I	A2	0.081443009604786	-0.656
420	G	A2	0.081593357559834	-0.044
421	R	A2	0.37695826542808	-0.266
422	K	A2	0.685004920409912	0.304
423	Y	A2	0.054089301782901	-1.147
424	K	A2	0.413389805906476	-0.826
425	K	A2	0	-1.115
426	V	A2	0	-0.592
427	R	A2	0.388666692288081	0.168
428	F	A2	0.067721949162457	-0.19
429	M	A2	0.304531813620372	-0.386
430	A	A2	0.3294880612761	-0.945
431	Y	A2	0.125065972680518	-0.936
432	T	A2	0.656030962519524	-0.835
433	D	A2	0.47580484653825	-1.006
434	E	A2	0.719875303569495	2.232
435	T	A2	0.716491367755969	-0.533
436	F	A2	0.127230447670398	-1.151
437	K	A2	0.95263589311126	-0.237
438	T	A2	0.609009667289355	0.362
439	R	A2	0.737087859654651	-0.166
440	E	A2	0.646249016230597	-0.138
441	A	A2	1.06426309715793	0.347
442	I	A2	0.705926349613666	2.639
443	Q	A2	0.72783283432051	0.317
444	H	A2	1.02035816544354	2.829
445	E	A2	0.416814210506237	1.156
446	S	A2	0.271844872175657	1.385
447	G	A2	0.406387152847259	-0.01
448	I	A2	0	-0.74
449	L	A2	0.040816090747195	0.044
450	G	A2	0.241425702003315	-1.088
451	P	A2	0.278912101956513	-1.099
452	L	A2	0.543178595400202	-0.329
453	L	A2	0.068217612243636	-0.852
454	Y	A2	0.272655190141661	-0.541
455	G	A2	0	-0.98
456	E	A2	0.214827138568454	-0.59
457	V	A2	0.433973194774579	-0.626
458	G	A2	0.735407810476119	-0.073
459	D	A2	0.209940149343962	-0.893
460	T	A2	0.434540517653352	0.928
461	L	A2	0	0.64
462	L	A2	0.403771119317226	0.201
463	I	A2	0	-0.917
464	I	A2	0.10288849669546	0.679
465	F	A2	0	-0.729
466	K	A2	0.322301315253421	-0.216
467	N	A2	0.021353010310182	-1.15
468	Q	A2	0.562197651779757	0.288
469	A	A2	0.221824715495639	-1.104
470	S	A2	0.771975885913435	-0.802
471	R	A2	0.383942794858293	-0.734
472	P	A2	0.558736619133722	-0.66
473	Y	A2	0	-0.381
474	N	A2	0.053107949814507	-1.079
475	I	A2	0	-0.947
476	Y	A2	0.251716135129001	-0.15
477	P	A2	0.11960155181527	-0.895
478	H	A2	0.308119642848937	-0.58
479	G	A2	0.55476845340933	-0.871
480	I	A2	0.146326787398847	-0.74
481	T	A2	0.825889650112296	-0.252
482	D	A2	0.518355688189993	0.526
483	V	A2	0.316563202939029	-0.412
484	R	A2	0.715627503509477	2.612
485	P	A2	0.553971210497626	0.086
486	L	A2	0.496130644812209	0.885
487	Y	A2	0.978466146254679	0.952
488	S	A2	0.665920339309555	1.561
489	R	A2	1.01991795311716	1.79
490	R	A2	0.943952648536206	2.171
491	L	A2	0.611209600876096	0.756
492	P	A2	0.738949352291709	0.738
493	K	A2	1.07393405187817	0.382
494	G	A2	1.09006180741504	-0.005
495	V	A2	0.468415253806661	1.124
496	K	A2	0.981617434086423	0.763
497	H	A2	0.583351535841162	-0.261
498	L	A2	0.197669797981568	-0.162
499	K	A2	0.438014087185373	-0.573
500	D	A2	0.705009647526238	-0.007
501	F	A2	0.379092722157635	0.278
502	P	A2	0.728780257029547	0.303
503	I	A2	0	-0.482
504	L	A2	0.645716272873014	1.461
505	P	A2	0.716345306974597	-1.101
506	G	A2	0.903949529239095	-0.876
507	E	A2	0.532598455735346	0.903
508	I	A2	0.679841454252973	-0.36
509	F	A2	0.428871581818116	-0.117
510	K	A2	0.642618544517091	0.323
511	Y	A2	0.102784451750887	-1.073
512	K	A2	0.671369167081022	0.981
513	W	A2	0	-0.963
514	T	A2	0.443980990546485	1.569
515	V	A2	0.062374578219171	-0.349
516	T	A2	0.482394513564011	-0.638
517	V	A2	0.900690196270027	1.343
518	E	A2	0.609163316565089	-0.046
519	D	A2	0.048888684237981	-0.996
520	G	A2	0.109713647110492	-0.627
521	P	A2	0.285408918495371	-1.158
522	T	A2	0.433296143462332	-0.42
523	K	A2	1.06516783707282	1.213
524	S	A2	0.403593756053436	-0.273
525	D	A2	0.192923394829559	-1.128
526	P	A2	0.492013770386744	-0.553
527	R	A2	0.73497433279486	0.131
528	C	A2	0.072682434534244	-1.051
529	L	A2	0	-0.78
530	T	A2	0	-0.894
531	R	A2	0	-0.743
532	Y	A2	0.033399363537179	-0.193
533	Y	A2	0	-1.147
534	S	A2	0	-0.345
535	S	A2	0	-1.185
536	F	A2	0.390367916125591	-0.561
537	V	A2	0.485734896045791	0.928
538	N	A2	0.498666274940065	-0.105
539	M	A2	0.340729160571075	0.025
540	E	A2	0.768364482866436	0.047
541	R	A2	0.459863019757656	-0.32
542	D	A2	0	-1.087
543	L	A2	0.248558504916952	0.358
544	A	A2	0.218682797251106	-0.963
545	S	A2	0	-1.016
546	G	A2	0	-1.151
547	L	A2	0	-1.153
548	I	A2	0.074109893293568	-0.733
549	G	A2	0	-1.151
550	P	A2	0.130973367739295	-0.773
551	L	A2	0	-0.958
552	L	A2	0	-0.794
553	I	A2	0	-0.966
554	C	A2	0	-0.968
555	Y	A2	0.713621948876246	0.349
556	K	A2	0.844539184277171	0.329
557	E	A2	0.610507002371473	1.33
558	S	A2	0	-0.467
559	V	A2	0.078748311703165	-0.546
560	D	A2	0.472727998409939	-0.776
561	Q	A2	0.990863416337563	0.698
562	R	A2	0.959818160586803	-0.553
563	G	A2	0.403261672602316	-1.02
564	N	A2	0.727710116013722	0.331
565	Q	A2	0.369854398555864	-0.809
566	I	A2	0.601322329620425	0.279
567	M	A2	0.837801113883019	-0.209
568	S	A2	0.540348061497286	-0.39
569	D	A2	0.771150485254397	-1.135
570	K	A2	0.585627768837492	0.629
571	R	A2	0.502433141737756	0.312
572	N	A2	0.110122421529576	0.341
573	V	A2	0.179409600419904	0.283
574	I	A2	0	-0.843
575	L	A2	0	0.254
576	F	A2	0	-0.928
577	S	A2	0.076959237837949	-0.708
578	V	A2	0.244654332726156	-0.536
579	F	A2	0.110371864092255	-0.865
580	D	A2	0.293079372102307	-1.09
581	E	A2	0	-1.126
582	N	A2	0.572880192537976	-1.112
583	R	A2	0.658174106674693	0.872
584	S	A2	0.093305909825033	-1.185
585	W	A2	0.334754845287755	-0.971
586	Y	A2	0	-0.933
587	L	A2	0.332194620450944	-0.025
588	T	A2	0.791431836212423	0.802
589	E	A2	0.619323362648179	-0.397
590	N	A2	0.083997455761703	-1.151
591	I	A2	0.276180645681156	-0.636
592	Q	A2	0.815227791404864	0.304
593	R	A2	0.765021508156064	0.242
594	F	A2	0.462240609941143	-0.167
595	L	A2	0.128715478590707	0.041
596	P	A2	0.861569147823211	0.829
597	N	A2	0.694486156145988	0.813
598	P	A2	0.644856533209189	-0.034
599	A	A2	1.03599835458862	0.297
600	G	A2	0.773517249459971	1.358
601	V	A2	0.34295324789847	0.579
602	Q	A2	0.741201988184909	0.149
603	L	A2	0.767925687562117	1.718
604	E	A2	0.885575381568432	0.169
605	D	A2	0.440131214429956	-0.836
606	P	A2	0.836864124473695	-0.142
607	E	A2	0.744122796743437	1.022
608	F	A2	0	-0.713
609	Q	A2	0.489568293843232	-0.668
610	A	A2	0.777578880204232	0.596
611	S	A2	0	-1.089
612	N	A2	0	-1.07
613	I	A2	0.447951249799991	-0.145
614	M	A2	0	-0.943
615	H	A2	0.207664894238749	-0.246
616	S	A2	0	-0.672
617	I	A2	0	-0.709
618	N	A2	0	-1.181
619	G	A2	0	-1.084
620	Y	A2	0.345406091645398	0.224
621	V	A2	0	-0.764
622	F	A2	0.304949446908761	-0.252
623	D	A2	0.486786495149931	-0.071
624	S	A2	0.264879553449153	0.143
625	L	A2	0.162951412980504	-0.545
626	Q	A2	0.720099256147296	0.889
627	L	A2	0.061910298538259	0.264
628	S	A2	0.885158728481818	0.958
629	V	A2	0.262162933654526	0.613
630	C	A2	0.49635106690571	-0.721
631	L	A2	0.397941527193009	0.713
632	H	A2	0.937864802662713	0.168
633	E	A2	0.304669637457836	-0.21
634	V	A2	0.471677898906345	-0.917
635	A	A2	0	0.153
636	Y	A2	0.265250776332936	-0.087
637	W	A2	0	-0.956
638	Y	A2	0	-0.738
639	I	A2	0	-0.556
640	L	A2	0	-0.469
641	S	A2	0	-0.385
642	I	A2	0.023172996747979	-0.708
643	G	A2	0.499388461476507	-1.085
644	A	A2	0.833420163669945	-0.66
645	Q	A2	0.258218226734567	-0.554
646	T	A2	0.74662794051283	-0.501
647	D	A2	0.599100098423157	0.147
648	F	A2	0.089887502548764	-0.347
649	L	A2	0	-0.807
650	S	A2	0	-0.984
651	V	A2	0	-0.376
652	F	A2	0.289981846422684	-0.667
653	F	A2	0.085656951121745	-0.933
654	S	A2	0.337565400671435	-0.477
655	G	A2	0.200379158985121	-1.085
656	Y	A2	0.185647221925302	-0.854
657	T	A2	0.313536418099594	-0.44
658	F	A2	0.047589471716904	-0.777
659	K	A2	0.579010329126463	0.232
660	H	A2	0.345463171624951	0.954
661	K	A2	0.670413405400083	-0.156
662	M	A2	0.653168089995798	0.553
663	V	A2	0.247544983008499	-0.077
664	Y	A2	0.412445800273537	0.054
665	E	A2	0.453215483581507	-0.183
666	D	A2	0.596758306091501	-0.823
667	T	A2	0.447279810042871	-0.578
668	L	A2	0.098500396206059	-0.686
669	T	A2	0.548589141887567	-0.938
670	L	A2	0.094098831794941	-0.88
671	F	A2	0.147966773303857	-0.806
672	P	A2	0	-1.156
673	F	A2	0.235081130014511	-0.27
674	S	A2	0.170567267179893	-0.549
675	G	A2	0	-0.468
676	E	A2	0.229057071384915	0.132
677	T	A2	0.240275846031399	-0.925
678	V	A2	0.018333074398458	-0.42
679	F	A2	0.556916872594046	0.631
680	M	A2	0.161810081331403	-0.896
681	S	A2	0.789324038122569	-0.289
682	M	A2	0	-0.297
683	E	A2	0.923241741001531	-0.407
684	N	A2	0.265198489917394	-0.196
685	P	A2	0.298707680570981	0.88
686	G	A2	0.230373524492005	-1.082
687	L	A2	0.453092101948351	0.452
688	W	A2	0.146793736374987	-0.819
689	I	A2	0.532883182621521	0.152
690	L	A2	0	-0.762
691	G	A2	0	-0.17
692	C	A2	0	-0.668
693	H	A2	0.61362756203566	-0.527
694	N	A2	0.111443286421806	-0.898
695	S	A2	0.467580952001713	0.431
696	D	A2	0.750079028980779	0.763
697	F	A2	0.253949460781857	0.025
698	R	A2	0.397820107851449	-0.373
699	N	A2	0.706933535632756	0.376
700	R	A2	0.355122871155338	-0.154
701	G	A2	0	-1.004
702	M	A2	0	-1.052
703	T	A2	0.278360780114663	-0.316
704	A	A2	0	-0.581
705	L	A2	0.273919412332477	0.685
706	L	A2	0	-0.385
707	K	A2	0.629524132362198	0.057
708	V	A2	0.074521113897927	-0.985
709	S	A2	0.658545534740497	1
710	S	A2	1.15669022517968	0.831
1690	S	A3	1.15281494902979	-0.315
1691	F	A3	1.00648647868224	0.852
1692	Q	A3	1.00157198153633	0.94
1693	K	A3	0.86576255566312	0.784
1694	K	A3	0.810084025439708	0.423
1695	T	A3	0.706106893003016	0.858
1696	R	A3	0.510518065503186	-0.391
1697	H	A3	0.662475886184393	0.408
1698	Y	A3	0.328557624369513	-1.022
1699	F	A3	0.39868749701912	-0.61
1700	I	A3	0	-1.089
1701	A	A3	0	-1.019
1702	A	A3	0	-1.128
1703	V	A3	0.322673603500086	-0.53
1704	E	A3	0.479761649028848	-1.212
1705	R	A3	0.648203948569455	-0.381
1706	L	A3	0.712781647850521	0.715
1707	W	A3	0.259721563328538	-1.075
1708	D	A3	0.626408459568912	-0.739
1709	Y	A3	0	-1.063
1710	G	A3	0.283524911965637	-0.111
1711	M	A3	0.258718900473647	0.05
1712	S	A3	0.725229051937979	0.653
1713	S	A3	0.74471612665788	0.852
1714	S	A3	0	0.276
1715	P	A3	0.858738338021927	0.533
1716	H	A3	0.717358076309191	0.066
1717	V	A3	0.370144462380481	1.534
1718	L	A3	0.66845322323842	0.671
1719	R	A3	0.956486184822627	1.5
1720	N	A3	0.912648373114865	0.801
1721	R	A3	0.900603213727059	0.703
1722	A	A3	0.916719115502948	1.205
1723	Q	A3	1.07871725768394	1.423
1724	S	A3	0.909625765102807	1.145
1725	G	A3	1.15728210434657	1.132
1726	S	A3	0.978939153340648	1.43
1727	V	A3	0.717369960225623	1.286
1728	P	A3	0.599613199112784	0.261
1729	Q	A3	0.572534611385948	1.325
1730	F	A3	0.128293875896107	-0.835
1731	K	A3	0.380369659732544	-0.388
1732	K	A3	0	-1.211
1733	V	A3	0	-0.996
1734	V	A3	0.250931124964853	-0.609
1735	F	A3	0.040707105753472	-0.648
1736	Q	A3	0.529904632483138	-0.694
1737	E	A3	0.586379607588247	-0.234
1738	F	A3	0.233760754793736	-1.069
1739	T	A3	0.669807306002489	1.254
1740	D	A3	0.496920061112557	-0.882
1741	G	A3	0.740429771349723	0.451
1742	S	A3	0.686386315237505	-0.227
1743	F	A3	0.122939898261667	-1.201
1744	T	A3	0.860576368275324	0.719
1745	Q	A3	0.567958008156035	0.823
1746	P	A3	0.574135144786983	-0.129
1747	L	A3	0.532354124526616	1.343
1748	Y	A3	0.771499183783899	1.607
1749	R	A3	0.788679173758305	-0.452
1750	G	A3	0.413474949656836	-0.672
1751	E	A3	0.455136290184178	-1.127
1752	L	A3	0.616218758508806	0.731
1753	N	A3	0.506240074633051	0.115
1754	E	A3	0.695805834598844	-0.613
1755	H	A3	0	-1.195
1756	L	A3	0.071449863070685	-1.202
1757	G	A3	0.456397807202477	-1.201
1758	L	A3	0.10038122284996	-0.774
1759	L	A3	0.029532721211983	-0.805
1760	G	A3	0	-1.201
1761	P	A3	0.214497848571002	-1.205
1762	Y	A3	0.300588502864602	0.118
1763	I	A3	0	-1.065
1764	R	A3	0.339789252771633	-0.72
1765	A	A3	0	-1.019
1766	E	A3	0.278742904724451	-1.156
1767	V	A3	0.517145388252947	-0.663
1768	E	A3	0.74926695594014	-0.153
1769	D	A3	0.285916093891967	-0.776
1770	N	A3	0.331542499312321	-0.129
1771	I	A3	0	-0.976
1772	M	A3	0.335225649427467	-0.181
1773	V	A3	0	-0.889
1774	T	A3	0.253907661189564	-0.101
1775	F	A3	0	-1.116
1776	R	A3	0.411229640392734	-0.323
1777	N	A3	0.030626395228443	-1.218
1778	Q	A3	0.671765157386736	0.184
1779	A	A3	0.22714944264771	-1.109
1780	S	A3	0.824790167770219	-0.751
1781	R	A3	0.548415059474619	-1.054
1782	P	A3	0.551374259001529	-0.868
1783	Y	A3	0.030855555610323	-0.518
1784	S	A3	0.045385977603799	-1.184
1785	F	A3	0	-0.192
1786	Y	A3	0.297604461684786	-1.078
1787	S	A3	0.06643307810817	-0.881
1788	S	A3	0.62273322302803	-0.794
1789	L	A3	0.085522811299867	-0.999
1790	I	A3	0.100502021400535	-0.798
1791	S	A3	0.77803511877271	0.139
1792	Y	A3	0.412434324267514	-0.748
1793	E	A3	0.961599983852417	-0.128
1794	E	A3	0.905893959357072	-0.131
1795	D	A3	0.9759328448967	0.922
1796	Q	A3	0.868950934681067	-0.024
1797	R	A3	1.05361035042259	0.239
1798	Q	A3	1.00560788916528	-0.326
1799	G	A3	0.957024402070331	0.577
1800	A	A3	0.584259170718517	1.489
1801	E	A3	0.876271507074531	0.818
1802	P	A3	0.858528124437235	0.837
1803	R	A3	0.668812360618704	0.731
1804	K	A3	1.05470174085162	-0.249
1805	N	A3	0.383583460087855	-0.042
1806	F	A3	0.66054447930258	0.632
1807	V	A3	0	-0.756
1808	K	A3	0.693275282265083	0.749
1809	P	A3	0.626255067413153	-1.132
1810	N	A3	1.00180783692954	-0.717
1811	E	A3	0.519815755306518	0.97
1812	T	A3	0.61284473738231	0.056
1813	K	A3	0.58654336952589	-0.258
1814	T	A3	0.77896964000839	-0.213
1815	Y	A3	0.263799608047485	-1.015
1816	F	A3	0.724562581481657	-0.081
1817	W	A3	0.055247627895898	-0.693
1818	K	A3	0.868076576822295	0.112
1819	V	A3	0.113105368214825	-0.637
1820	Q	A3	0.602050444983437	0.418
1821	H	A3	0.942230785902934	1.412
1822	H	A3	0.356452926393367	0.187
1823	M	A3	0.076644108365896	-0.639
1824	A	A3	0.242316312705424	-0.866
1825	P	A3	0.208521513060318	-1.17
1826	T	A3	0.573463719994103	0.49
1827	K	A3	0.953280398072893	1.503
1828	D	A3	0.576768432427741	1.552
1829	E	A3	0.339167461160959	-0.365
1830	F	A3	0.30949494580135	-0.428
1831	D	A3	0.534079678835639	-0.048
1832	C	A3	0.045432161356893	-1.151
1833	K	A3	0.41442512585429	-0.77
1834	A	A3	0.263787658274346	-0.54
1835	W	A3	0.150177446209159	-0.974
1836	A	A3	0.638932621705689	-0.65
1837	Y	A3	0	-1.156
1838	F	A3	0.387984114590829	-0.846
1839	S	A3	0	-1.205
1840	D	A3	0.584335628942706	-0.602
1841	V	A3	0.570312914966237	-0.709
1842	D	A3	0.361909180431911	-0.911
1843	L	A3	0.857444879579399	-0.129
1844	E	A3	0.535956496695881	-0.905
1845	K	A3	0.431272244999904	-0.029
1846	D	A3	0	-1.214
1847	V	A3	0.486477002399796	-0.597
1848	H	A3	0.430502628657291	-0.545
1849	S	A3	0	-1.088
1850	G	A3	0	-1.162
1851	L	A3	0	-1.164
1852	I	A3	0	-0.928
1853	G	A3	0	-1.161
1854	P	A3	0	-1.168
1855	L	A3	0	-0.512
1856	L	A3	0	-0.597
1857	V	A3	0	-0.864
1858	C	A3	0	-1.196
1859	H	A3	0.540972297920054	-0.036
1860	T	A3	0.845660476999701	1.046
1861	N	A3	0.941379356965703	-0.533
1862	T	A3	0.435748022073027	-0.57
1863	L	A3	0.247197057836773	-0.841
1864	N	A3	0.559068576943649	1.377
1865	P	A3	1.00187664633399	1.93
1866	A	A3	0.828146815422979	1.632
1867	H	A3	0.643912915165659	1.318
1868	G	A3	0.769794557345102	0.726
1869	R	A3	0.423068333473757	0.323
1870	Q	A3	0.132744139560806	0.489
1871	V	A3	0.836643544793773	1.568
1872	T	A3	0.917807671394661	0.579
1873	V	A3	0.176760579934729	0.458
1874	Q	A3	0.472725233307564	-0.445
1875	E	A3	0.237334156938263	-0.768
1876	F	A3	0.053340510801115	-0.894
1877	A	A3	0	0.016
1878	L	A3	0	-1.043
1879	F	A3	0.055104677142293	-0.669
1880	F	A3	0	-1.201
1881	T	A3	0.219800215784157	-0.966
1882	I	A3	0.168892397155113	-0.422
1883	F	A3	0.098494348446932	-1.118
1884	D	A3	0.287341379183274	-1.16
1885	E	A3	0	-1.212
1886	T	A3	0.518005028244843	-0.713
1887	K	A3	0.560663150685672	-0.912
1888	S	A3	0.168243485962796	-1.22
1889	W	A3	0.408641970934527	-1.082
1890	Y	A3	0.125241956322089	-1.064
1891	F	A3	0.345168489629639	0.04
1892	T	A3	0.855328182178135	1.094
1893	E	A3	0.724528811997671	-0.221
1894	N	A3	0.144482801773193	-0.675
1895	M	A3	0.376898769225066	1.115
1896	E	A3	0.914984489377507	0.818
1897	R	A3	0.779670662915897	1.449
1898	N	A3	0.629650681581901	0.54
1899	C	A3	0.569905092382031	-0.04
1900	R	A3	1.01036440393334	0.942
1901	A	A3	0.91862806984856	0.615
1902	P	A3	0.887767787216829	0.554
1903	C	A3	0.782954001420632	-0.171
1904	N	A3	0.984148819558399	1.379
1905	I	A3	0.651272639594161	1.011
1906	Q	A3	0.81876559400468	0.503
1907	M	A3	0.628266444898867	1.906
1908	E	A3	0.85899644606037	1.064
1909	D	A3	0.503674261952644	-0.117
1910	P	A3	0.784688470805852	0.695
1911	T	A3	0.73663619366235	1.498
1912	F	A3	0.343907485345544	1.358
1913	K	A3	0.647508807800489	0.554
1914	E	A3	0.886614690273724	1.258
1915	N	A3	0.948822158893486	0.286
1916	Y	A3	0.353268675886656	-0.431
1917	R	A3	0.643595703374368	0.316
1918	F	A3	0.281952747007162	-0.991
1919	H	A3	0.382314493799299	-0.343
1920	A	A3	0	-0.882
1921	I	A3	0	-1.106
1922	N	A3	0	-1.199
1923	G	A3	0	-1.201
1924	Y	A3	0.335983399943735	-0.72
1925	I	A3	0.212712518245604	-0.524
1926	M	A3	0.488092134961187	0.536
1927	D	A3	0.517663047648642	-0.957
1928	T	A3	0.470683490430682	-0.357
1929	L	A3	0.159760246007266	-1.039
1930	P	A3	0.593351108504419	-0.909
1931	G	A3	0.629868748559386	-1.158
1932	L	A3	0.16459397422139	-1.202
1933	V	A3	0.514107004110456	-0.027
1934	M	A3	0	-0.745
1935	A	A3	0.140796379193183	-0.758
1936	Q	A3	0.411324638716752	-0.539
1937	D	A3	0.65269040883159	0.474
1938	Q	A3	0.565226238450251	-0.641
1939	R	A3	0.790902960932209	0.903
1940	I	A3	0.032115123201463	-0.438
1941	R	A3	0	-0.488
1942	W	A3	0	-0.78
1943	Y	A3	0	-0.888
1944	L	A3	0	-1.083
1945	L	A3	0.116873804745009	-0.657
1946	S	A3	0	-1.049
1947	M	A3	0.406545412326517	-0.867
1948	G	A3	0.7713917823349	-1.077
1949	S	A3	0.653340759096199	-0.126
1950	N	A3	0.420206107201743	-0.366
1951	E	A3	0.60726665341739	0.439
1952	N	A3	0.111370028948721	-1.007
1953	I	A3	0.033581920341482	0.026
1954	H	A3	0	-0.777
1955	S	A3	0	-0.847
1956	I	A3	0	-0.374
1957	H	A3	0	-0.751
1958	F	A3	0	-1.11
1959	S	A3	0	-1.148
1960	G	A3	0.117352501532771	-0.998
1961	H	A3	0.211943394178814	-0.903
1962	V	A3	0.301469469032399	-0.754
1963	F	A3	0.067679582520855	-0.903
1964	T	A3	0.278605658020078	0.125
1965	V	A3	0.269546128857657	0.204
1966	R	A3	0.620145622091577	-0.212
1967	K	A3	0.722844384699564	0.385
1968	K	A3	0.645211966838546	1.368
1969	E	A3	0.48164014080829	0.627
1970	E	A3	0.530852319158238	-0.169
1971	Y	A3	0.461276443163906	-0.28
1972	K	A3	0.273909274537471	-0.554
1973	M	A3	0.370597288061727	-0.434
1974	A	A3	0.06643719188456	-0.741
1975	L	A3	0.269637169840384	-0.586
1976	Y	A3	0.277127488965442	0.113
1977	N	A3	0.508917876876513	-0.593
1978	L	A3	0	-1.164
1979	Y	A3	0.21586762614195	-0.76
1980	P	A3	0.04822313086745	-1.091
1981	G	A3	0.732634497553429	-1.115
1982	V	A3	0.429043010290576	-0.358
1983	F	A3	0.334716421305614	-0.872
1984	E	A3	0.280932819005329	-0.123
1985	T	A3	0.293876353635112	-1.136
1986	V	A3	0	-0.513
1987	E	A3	0.286420659385741	-0.981
1988	M	A3	0.198488120106371	-1.099
1989	L	A3	0.69646804714457	1.611
1990	P	A3	0	-0.885
1991	S	A3	0.698560907160297	-0.606
1992	K	A3	0.545414995311023	-0.322
1993	A	A3	0.567655087165476	0.04
1994	G	A3	0.217588202418154	-1.162
1995	I	A3	0.324991600307454	-0.539
1996	W	A3	0.060587126569175	-1.085
1997	R	A3	0.19623309383532	-0.497
1998	V	A3	0	-0.695
1999	E	A3	0	-0.836
2000	C	A3	0	-0.897
2001	L	A3	0	-0.625
2002	I	A3	0	-0.444
2003	G	A3	0	-0.719
2004	E	A3	0.65950655886057	-0.057
2005	H	A3	0.173113115431857	-0.28
2006	L	A3	0.349722468833399	-0.891
2007	H	A3	0.677503252407056	-0.049
2008	A	A3	0.6219608504201	-0.431
2009	G	A3	0.118093821267007	-0.904
2010	M	A3	0	-1.033
2011	S	A3	0.162347461084713	-0.796
2012	T	A3	0	-0.848
2013	L	A3	0.431059626426847	0.02
2014	F	A3	0.083634214732967	-0.632
2015	L	A3	0.214817310140502	-0.6
2016	V	A3	0	-0.921
2017	Y	A3	0.258570411068035	-0.509
2018	S	A3	0.376445691758436	-0.269
2019	N	A3	0.784147467225445	0.557
2020	K	C1	0.926014808747318	1.765
2021	C	C1	0	-1.147
2022	Q	C1	0.809572569802545	1.19
2023	T	C1	0.469188936309888	0.945
2024	P	C1	0.789036127603835	-0.737
2025	L	C1	0.335370315513121	-0.884
2026	G	C1	0.297868478059288	-1.161
2027	M	C1	0	-0.734
2028	A	C1	0.766755784410823	-0.093
2029	S	C1	0.60043571850418	-0.908
2030	G	C1	0.734284725235725	-0.68
2031	H	C1	0.713469392057793	0.467
2032	I	C1	0.131791900417708	-0.911
2033	R	C1	0.672563453219344	0.711
2034	D	C1	0.734155110703299	-0.981
2035	F	C1	0.853636517645464	0.069
2036	Q	C1	0.33212648011056	-1.031
2037	I	C1	0.089695031469466	-1.043
2038	T	C1	0.641817009742284	-0.566
2039	A	C1	0.426725885752227	-1.063
2040	S	C1	0.574205304963546	-0.94
2041	G	C1	0.55360934625892	0.278
2042	Q	C1	0.709693361291444	0.069
2043	Y	C1	0.546697546382245	0.311
2044	G	C1	0.941382505117349	0.504
2045	Q	C1	0.892737535179161	1.083
2046	W	C1	0.129621739680982	-1.003
2047	A	C1	0.292415846370837	0.2
2048	P	C1	0.277646773982222	-0.95
2049	K	C1	0.687762196395481	0.954
2050	L	C1	0.318162176033773	-0.961
2051	A	C1	0	-1.154
2052	R	C1	0.297817535707284	-1.163
2053	L	C1	0.236617045861064	-1.083
2054	H	C1	0.822853829256297	0.117
2055	Y	C1	0.581652842299543	-0.307
2056	S	C1	0.86493843025264	0.254
2057	G	C1	0.84640475424713	-1.071
2058	S	C1	1.02661776152277	-0.306
2059	I	C1	0.640787198459394	-0.227
2060	N	C1	0.2298802231185	-1.2
2061	A	C1	0	-1.199
2062	W	C1	0	-1.165
2063	S	C1	0	-0.958
2064	T	C1	0.120227844658763	-0.362
2065	K	C1	0.879927253594935	1.485
2066	E	C1	0.571287579037612	1.573
2067	P	C1	0.753007748090793	2.794
2068	F	C1	1.00876557229965	1.491
2069	S	C1	0.094447494141675	-0.213
2070	W	C1	0.371241869713675	-0.347
2071	I	C1	0	-0.831
2072	K	C1	0.404960311689198	-1.102
2073	V	C1	0	-1.086
2074	D	C1	0.261731231462543	-1.191
2075	L	C1	0.278069076416266	-0.841
2076	L	C1	0.637196012978714	0.044
2077	A	C1	0.543882096276236	0.466
2078	P	C1	0.724010245087676	-0.093
2079	M	C1	0.365833249137653	-0.516
2080	I	C1	0	-0.441
2081	I	C1	0	-0.175
2082	H	C1	0.359995875855445	-1.035
2083	G	C1	0	-0.235
2084	I	C1	0	-0.838
2085	K	C1	0.422708515436255	-0.279
2086	T	C1	0	-1.075
2087	Q	C1	0.15249741894949	-1.214
2088	G	C1	0	-1.201
2089	A	C1	0.032724889526572	-1.086
2090	R	C1	0.870846244971376	-0.268
2091	Q	C1	0.594701052522177	-0.283
2092	K	C1	1.00950793534128	0.961
2093	F	C1	0.99699380693846	0.271
2094	S	C1	0.541928937214829	-0.046
2095	S	C1	0.608346758853472	-0.506
2096	L	C1	0.090296393121438	0.413
2097	Y	C1	0.264254914943277	0.075
2098	I	C1	0	-0.108
2099	S	C1	0.457917706990182	0.35
2100	Q	C1	0.483916746967356	0.556
2101	F	C1	0	-0.423
2102	I	C1	0.34542924466446	0.759
2103	I	C1	0	-0.351
2104	M	C1	0.288213547739894	-0.589
2105	Y	C1	0.260281430740027	-0.984
2106	S	C1	0.118937544905326	-1.126
2107	L	C1	0.866827962913066	-0.011
2108	D	C1	0.598439770543532	-0.999
2109	G	C1	0.489187675421873	0.198
2110	K	C1	0.915034380464189	0.668
2111	K	C1	0.823053659196691	0.793
2112	W	C1	0.41347889176058	-1.081
2113	Q	C1	0.675414272642575	1.133
2114	T	C1	0.609292819542524	0.97
2115	Y	C1	0.030855736858355	-1.065
2116	R	C1	0.324863954266281	-0.358
2117	G	C1	0.253079013624243	-0.869
2118	N	C1	0.880726435142847	-0.718
2119	S	C1	0.465473218098305	-0.345
2120	T	C1	0.966205551781864	-0.105
2121	G	C1	0.458792969702967	1.464
2122	T	C1	0.725510533857737	1.304
2123	L	C1	0.505918832154225	0.76
2124	M	C1	0.424213092695995	-0.075
2125	V	C1	0.750645717798602	0.923
2126	F	C1	0.192517022756049	-0.987
2127	F	C1	0.724311903981035	1.507
2128	G	C1	0.041103646176552	-0.722
2129	N	C1	0.222348896696978	-1.11
2130	V	C1	0.803575743140665	0.138
2131	D	C1	0.476086984669694	-0.381
2132	S	C1	0.377416239661105	-0.397
2133	S	C1	0.827843633651485	-0.105
2134	G	C1	0.444204307869021	1.802
2135	I	C1	0.682985622329717	-0.058
2136	K	C1	0.51362777424639	-0.33
2137	H	C1	0.678910680415225	0.928
2138	N	C1	0.180641028896899	-1.199
2139	I	C1	0.877314094908166	2.884
2140	F	C1	0.133593000950359	-0.643
2141	N	C1	0.855193242031253	0.073
2142	P	C1	0.464162108751928	-1.169
2143	P	C1	0.24210788520136	-1.204
2144	I	C1	0.050235064263093	-0.276
2145	I	C1	0.467315903292452	-0.165
2146	A	C1	0	-0.983
2147	R	C1	0.381452763139516	-0.769
2148	Y	C1	0.250743233948535	-0.393
2149	I	C1	0	-0.316
2150	R	C1	0.275963252617462	-1.079
2151	L	C1	0	-0.259
2152	H	C1	0.331210243738924	-0.025
2153	P	C1	0.255300179831881	-1.169
2154	T	C1	0.675586909702649	0.413
2155	H	C1	0.634068841197168	1.438
2156	Y	C1	0.588648664526439	0.909
2157	S	C1	0.389854808201146	0.86
2158	I	C1	0.809080668750093	0.408
2159	R	C1	0.23753948897019	0.28
2160	S	C1	0	-0.345
2161	T	C1	0	-0.848
2162	L	C1	0	-0.702
2163	R	C1	0.190819424078352	-1.214
2164	M	C1	0	-0.685
2165	E	C1	0.208822632784312	-1.154
2166	L	C1	0	-0.698
2167	M	C1	0.289353373093048	0.26
2168	G	C1	0.057110935844605	-1.16
2169	C	C1	0.073888495325648	-1.195
2170	D	C1	0.376240952656872	-0.985
2171	L	C1	0.407136087931553	-0.131
2172	N	C1	0.567584658125676	-0.7
2173	S	C2	0.32880431954444	-1.013
2174	C	C2	0.188850643858598	-1.1
2175	S	C2	0.372951180154859	-0.983
2176	M	C2	0.542438501716139	0.466
2177	P	C2	0.757675988577361	-0.942
2178	L	C2	0.346066277281357	-1.121
2179	G	C2	0.272511760928878	-1.16
2180	M	C2	0	-0.748
2181	E	C2	0.686563466438323	-0.644
2182	S	C2	0.844681925521854	1.045
2183	K	C2	0.901964958316627	1.101
2184	A	C2	0.886556528754035	2.885
2185	I	C2	0.128397227784864	-1.107
2186	S	C2	0.525460431790919	0.903
2187	D	C2	0.763339763681744	-0.316
2188	A	C2	1.03538547597582	1.418
2189	Q	C2	0.472431555078443	0.049
2190	I	C2	0.118223764810654	-0.717
2191	T	C2	0.625089384539945	-0.547
2192	A	C2	0.412531437317922	-1.107
2193	S	C2	0.558547752949016	-1.183
2194	S	C2	0.358526997638502	-1.144
2195	Y	C2	0.591267645757512	1.344
2196	F	C2	0.410203316649982	0.288
2197	T	C2	0.707982535156373	0.57
2198	N	C2	0.571305543298498	-0.025
2199	M	C2	0.910437099636266	1.186
2200	F	C2	0.655916839183741	1.018
2201	A	C2	0.269294698740917	0.387
2202	T	C2	0.695757700864439	0.624
2203	W	C2	0	-1.164
2204	S	C2	0.413499621213645	1.261
2205	P	C2	0.289929635463255	-0.567
2206	S	C2	0.52588639707989	-0.146
2207	K	C2	0.459146202654248	0.345
2208	A	C2	0	-1.037
2209	R	C2	0.263947497680635	-1.16
2210	L	C2	0.229198244796972	-0.872
2211	H	C2	0.675323004351152	-0.795
2212	L	C2	0.516990140097065	0.826
2213	Q	C2	0.895448659725727	0.371
2214	G	C2	0.870909846078021	-1.076
2215	R	C2	0.800613083318696	0.374
2216	S	C2	0.444691159057529	0.674
2217	N	C2	0.230882173109028	-1.2
2218	A	C2	0	-1.152
2219	W	C2	0	-1.164
2220	R	C2	0.204162999507544	-0.798
2221	P	C2	0.144483436114638	-1.034
2222	Q	C2	0.807668613913513	0.007
2223	V	C2	0.690570762634362	0.62
2224	N	C2	0.555120635078209	-0.605
2225	N	C2	0.382194930780513	-0.567
2226	P	C2	0.689695264827347	0.102
2227	K	C2	0.96932068330868	1.166
2228	E	C2	0.250776662247286	-0.868
2229	W	C2	0.319804877249905	-1.079
2230	L	C2	0	-0.789
2231	Q	C2	0.252168895197145	-1.109
2232	V	C2	0	-0.85
2233	D	C2	0.20666378839871	-0.938
2234	F	C2	0.246037078247475	-0.421
2235	Q	C2	0.732799985775942	1.002
2236	K	C2	0.632328169270394	1.259
2237	T	C2	0.552957127966055	0.281
2238	M	C2	0.227792939270472	-0.24
2239	K	C2	0.28693558456959	-0.851
2240	V	C2	0	-0.898
2241	T	C2	0.531498652923757	-1.114
2242	G	C2	0.114492621253447	-0.783
2243	V	C2	0	-0.611
2244	T	C2	0.221071893675455	0.364
2245	T	C2	0	-1.093
2246	Q	C2	0.123896544120233	-1.19
2247	G	C2	0	-1.161
2248	V	C2	0	-0.737
2249	K	C2	0.84295432357198	-0.088
2250	S	C2	0.26058803455793	-0.507
2251	L	C2	0.744771662082976	1.399
2252	L	C2	1.06240975176724	0.854
2253	T	C2	0.598709953044039	0.076
2254	S	C2	0.555194237270418	0.171
2255	M	C2	0.126485162181052	-0.833
2256	Y	C2	0.230108246644988	-0.331
2257	V	C2	0	-1.147
2258	K	C2	0.568104675484049	0.112
2259	E	C2	0.577554940317323	-0.612
2260	F	C2	0	-0.749
2261	L	C2	0.297232109935251	0.463
2262	I	C2	0.033154409681829	-0.385
2263	S	C2	0.28787658781095	-0.392
2264	S	C2	0.496791919651202	0.017
2265	S	C2	0.140746845856007	-1.105
2266	Q	C2	0.823286604688375	0.53
2267	D	C2	0.642456899119155	0.081
2268	G	C2	0.498503504091679	-0.526
2269	H	C2	0.896802584163932	1.262
2270	Q	C2	0.842521048846315	0.774
2271	W	C2	0.397079371102761	-1.082
2272	T	C2	0.802373072402925	0.49
2273	L	C2	0.575718276951805	1.451
2274	F	C2	0.300139465488334	-0.288
2275	F	C2	0.720054790123597	0.512
2276	Q	C2	0.586193348016989	-0.096
2277	N	C2	1.04953187530093	1.25
2278	G	C2	0.969356838813226	0.778
2279	K	C2	0.854303406647347	1.193
2280	V	C2	0.61070779573724	0.52
2281	K	C2	0.390221236824516	-0.573
2282	V	C2	0.860734136404852	0.063
2283	F	C2	0.122243090170045	-1.2
2284	Q	C2	0.752843409658635	1.547
2285	G	C2	0.11416578732724	-1.044
2286	N	C2	0	-1.218
2287	Q	C2	0.985858671110223	0.636
2288	D	C2	0.431043468774678	-0.222
2289	S	C2	0.220621465582166	0.334
2290	F	C2	0.780783463299044	0.996
2291	T	C2	0.614656162575369	0.211
2292	P	C2	0.469846936136091	-0.245
2293	V	C2	0.419909752747548	-0.079
2294	V	C2	0.661855472229817	0.422
2295	N	C2	0.243757034440626	-0.67
2296	S	C2	0.850356338099145	0.593
2297	L	C2	0.132935903268828	-0.566
2298	D	C2	0.793895092383811	0.017
2299	P	C2	0.71059469674732	-0.433
2300	P	C2	0.588002420275002	-1.13
2301	L	C2	0.253151179022247	-0.788
2302	L	C2	0.476865838172788	-0.452
2303	T	C2	0	-0.608
2304	R	C2	0.425412021049187	-0.734
2305	Y	C2	0.21379695663834	-0.243
2306	L	C2	0	-0.425
2307	R	C2	0.258943005778615	-1.106
2308	I	C2	0	-0.703
2309	H	C2	0.318205971440155	-0.317
2310	P	C2	0	-1.204
2311	Q	C2	0.613965648123896	0.666
2312	S	C2	0.489812222910261	0.434
2313	W	C2	0.440808834576668	-1.164
2314	V	C2	0.383178733779872	0.849
2315	H	C2	0.847257676966212	0.623
2316	Q	C2	0.405675601430623	-0.085
2317	I	C2	0	-0.995
2318	A	C2	0	-0.967
2319	L	C2	0	-0.806
2320	R	C2	0.177735156270478	-1.213
2321	M	C2	0	0.665
2322	E	C2	0.183229811581834	-1.185
2323	V	C2	0	-0.088
2324	L	C2	0.38255348341803	-0.737
2325	G	C2	0.194784080902575	-1.2
2326	C	C2	0.35108803671694	-1.195
2327	E	C2	0.688373875150767	-0.108
2328	A	C2	0.358344436291169	-0.573
2329	Q	C2	0.835407515859596	-1.034
2330	D	C2	0.811626502036141	-0.499
2331	L	C2	0.843334426297994	1.6
2332	Y	C2	0.861829402917901	-1.025
