AA_HGVS	Protein_Change	AA_dist	areaSES	kdHydrophobicity	ConsurfDB	Calculated_Severity
26	p.(Leu26Arg)	1.62251371823284	20.0158458948135	3.8	-0.793	Severe
28	p.(Ala28Lys)	1.52352751973707	0	1.8	-1.019	Moderate
29	p.(Val29Gly)	1.56855063448757	41.5348114967346	4.2	-0.746	Severe
31	p.(Leu31Pro)	1.64149323501341	75.8804364204407	3.8	-0.134	Moderate
34	p.(Asp34Val)	1.60213771529678	44.5157108306885	-3.5	-0.925	Mild
48	p.(Arg48Lys)	1.49214655071386	112.392296910286	-4.5	0.614	Severe
64	p.(Val64Met)	1.47766646921169	58.3064007759094	4.2	1.05	Mild
66	p.(Lys66Glu)	1.58024238346116	65.9034984111786	-3.9	0.316	Mild
70	p.(Phe70Ser)	1.5814213725411	9.92642784118652	2.8	-0.677	Severe
77	p.(Leu77Pro)	1.64149323501341	76.6848411560059	3.8	-0.472	Severe
81	p.(Ala81Asp)	1.57071931763197	63.6959364414215	1.8	0.228	Mild
81	p.(Ala81Ser)	1.38354982786128	63.6959364414215	1.8	0.228	Mild
83	p.(Pro83Arg)	1.57286471274788	43.1232435703278	-1.6	0.452	Mild
84	p.(Arg84Gly)	1.59451587824844	105.253794670105	-4.5	-0.423	Moderate
88	p.(Met88Val)	1.47766646921169	32.4924769997597	1.9	-0.336	Severe
90	p.(Leu90Arg)	1.62251371823284	17.9242149591446	3.8	-0.889	Severe
90	p.(Leu90Pro)	1.64149323501341	17.9242149591446	3.8	-0.889	Severe
93	p.(Pro93Leu)	1.64149323501341	44.2400407791138	-1.6	-1.15	Severe
94	p.(Thr94Ser)	1.2095712629471	52.3300938606262	-0.7	-0.791	Mild
94	p.(Thr94Ala)	1.48543669201508	52.3300938606262	-0.7	-0.791	Mild
97	p.(Ala97Pro)	1.49033321137312	19.2106349468231	1.8	-0.698	Severe
101	p.(Asp101His)	1.55074962864559	38.6206429004669	-3.5	-0.71	Severe
101	p.(Asp101Gly)	1.61077966111792	38.6206429004669	-3.5	-0.71	Severe
107	p.(Leu107Phe)	1.44603511614906	0	3.8	-0.836	Mild
109	p.(Asn109Asp)	1.50927949612654	2.94533079862595	-3.5	-1.177	Severe
112	p.(Ser112Phe)	1.5814213725411	50.2516061067581	-0.8	-0.865	Mild
116	p.(Ser116Ile)	1.56757665206145	0	-0.8	-1.039	Severe
116	p.(Ser116Arg)	1.5347722373723	0	-0.8	-1.039	Severe
120	p.(Val120Ala)	1.44182842123695	5.42183780670166	4.2	-0.091	Mild
123	p.(Ser123Pro)	1.3812484028361	29.5342631340027	-0.8	-0.652	Moderate
126	p.(Lys126Thr)	1.48594444953358	37.0656390190125	-3.9	-1.162	Severe
129	p.(Glu129Lys)	1.58024238346116	0	-3.5	-1.164	Severe
129	p.(Glu129Asp)	1.47692452617897	0	-3.5	-1.164	Severe
129	p.(Glu129Val)	1.5667317775106	0	-3.5	-1.164	Severe
136	p.(Gln136Pro)	1.44579705575324	74.0454870462418	-3.5	0.319	Severe
146	p.(Lys146Glu)	1.58024238346116	77.0141716003418	-3.9	0.065	Mild
147	p.(Val147Phe)	1.42144775294378	13.5858502388	4.2	-0.882	Severe
154	p.(Thr154Ala)	1.48543669201508	57.1468699574471	-0.7	-0.232	Mild
154	p.(Thr154Pro)	1.46453611379323	57.1468699574471	-0.7	-0.232	Mild
157	p.(Trp157Cys)	1.57121917979127	6.35342025756836	-0.9	-1.077	Severe
159	p.(Val159Ala)	1.44182842123695	9.2829761505127	4.2	-0.924	Moderate
162	p.(Glu162Lys)	1.58024238346116	75.1962428092957	-3.5	0.717	Mild
163	p.(Asn163Lys)	1.48280419781644	12.1686959266663	-3.5	-0.223	Moderate
166	p.(Met166Val)	1.47766646921169	47.8457933664322	1.9	-0.496	Mild
166	p.(Met166Ile)	1.42182159972165	47.8457933664322	1.9	-0.496	Mild
169	p.(Asp169Asn)	1.50927949612654	24.1034944057465	-3.5	-1.073	Mild
170	p.(Pro170Ser)	1.3812484028361	62.9674298763275	-1.6	-0.666	Mild
173	p.(Leu173Val)	1.42874851166931	27.4082417488098	3.8	-0.974	Mild
173	p.(Leu173Phe)	1.44603511614906	27.4082417488098	3.8	-0.974	Mild
176	p.(Ser176Pro)	1.3812484028361	0	-0.8	-0.606	Mild
177	p.(Tyr177Cys)	1.55823814606649	0	-1.3	-1.138	Severe
178	p.(Leu178Val)	1.42874851166931	0	3.8	-0.476	Severe
179	p.(Ser179Phe)	1.5814213725411	0	-0.8	-1.182	Severe
179	p.(Ser179Pro)	1.3812484028361	0	-0.8	-1.182	Severe
187	p.(Leu187Ser)	1.47018212281646	0	3.8	0.973	Mild
188	p.(Asn188Tyr)	1.54073367764837	11.3480937480927	-3.5	-1.137	Severe
188	p.(Asn188Lys)	1.48280419781644	11.3480937480927	-3.5	-1.137	Severe
189	p.(Ser189Leu)	1.47018212281646	0	-0.8	-0.927	Moderate
192	p.(Ile192Thr)	1.53185637465939	0	4.5	-0.781	Mild
193	p.(Gly193Glu)	1.6287423350393	0	-0.4	-1.143	Severe
193	p.(Gly193Arg)	1.59451587824844	0	-0.4	-1.143	Severe
194	p.(Ala194Thr)	1.48543669201508	0	1.8	-0.652	Mild
195	p.(Leu195Pro)	1.64149323501341	0	3.8	-0.779	Severe
200	p.(Glu200Gly)	1.6287423350393	85.711049258709	-3.5	0.372	Mild
214	p.(Phe214Val)	1.42144775294378	32.322701215744	2.8	-0.109	Mild
216	p.(Leu216Gln)	1.56064570171682	0	3.8	-0.566	Moderate
218	p.(Phe218Ser)	1.5814213725411	0	2.8	-0.687	Severe
220	p.(Val220Gly)	1.56855063448757	7.91784858703613	4.2	-1.053	Mild
220	p.(Val220Leu)	1.42874851166931	7.91784858703613	4.2	-1.053	Mild
224	p.(Gly224Trp)	1.77225009154011	37.1377694606781	-0.4	-0.498	Moderate
226	p.(Ser226Cys)	1.53050809491335	24.5579626560211	-0.8	-1.079	Severe
226	p.(Ser226Ile)	1.56757665206145	24.5579626560211	-0.8	-1.079	Severe
234	p.(Ser234Cys)	1.53050809491335	NA	NA	1.167	Mild
243	p.(Ser243Cys)	1.53050809491335	65.8580386638641	-0.8	0.471	Mild
245	p.(Arg245Trp)	1.72578109371647	73.6028792858124	-4.5	2.914	Mild
250	p.(Met250Arg)	1.65198542021725	43.5862971842289	1.9	0.74	Mild
251	p.(His251Asp)	1.55074962864559	15.5691027641296	-3.2	-0.988	Mild
256	p.(Tyr256Asn)	1.54073367764837	10.6675621271133	-1.3	-0.531	Mild
260	p.(Ser260Cys)	1.53050809491335	26.5562415122986	-0.8	-0.774	Severe
264	p.(Leu264Arg)	1.62251371823284	3.25121831893921	3.8	-0.722	Severe
267	p.(Cys267Tyr)	1.55823814606649	25.6934404373169	2.5	-0.915	Moderate
267	p.(Cys267Phe)	1.48352469809768	25.6934404373169	2.5	-0.915	Moderate
269	p.(Arg269Trp)	1.72578109371647	123.43927025795	-4.5	1.011	Mild
273	p.(Tyr273Cys)	1.55823814606649	96.4001578688622	-1.3	0.477	Mild
278	p.(Gly278Arg)	1.59451587824844	0	-0.4	-0.697	Severe
279	p.(Met279Lys)	1.61064656089731	0	1.9	-0.004	Severe
281	p.(Thr281Ile)	1.53185637465939	27.3875308036804	-0.7	-0.696	Mild
281	p.(Thr281Asn)	1.48661963175983	27.3875308036804	-0.7	-0.696	Mild
281	p.(Thr281Pro)	1.46453611379323	27.3875308036804	-0.7	-0.696	Mild
284	p.(Glu284Lys)	1.58024238346116	48.5935158729553	-3.5	-0.566	Moderate
288	p.(Ile288Thr)	1.53185637465939	0	4.5	-0.899	Severe
290	p.(Leu290Pro)	1.64149323501341	10.2331442832947	3.8	-0.283	Severe
292	p.(Gly292Val)	1.56855063448757	26.1469911336899	-0.4	0.035	Severe
295	p.(Phe295Ile)	1.39413415879693	14.2716474533081	2.8	-0.865	Severe
295	p.(Phe295Leu)	1.44603511614906	14.2716474533081	2.8	-0.865	Severe
299	p.(Asn299Ile)	1.50282314360507	49.2120289802551	-3.5	0.524	Mild
303	p.(Ala303Glu)	1.51259578210838	31.1352996826172	1.8	-0.069	Mild
303	p.(Ala303Pro)	1.49033321137312	31.1352996826172	1.8	-0.069	Mild
304	p.(Ser304Pro)	1.3812484028361	6.8263726234436	-0.8	-0.475	Mild
305	p.(Leu305Ser)	1.47018212281646	19.4672858715057	3.8	0.204	Severe
318	p.(Leu318Pro)	1.64149323501341	73.8890409469605	3.8	1.131	Mild
321	p.(Asp321Val)	1.60213771529678	59.9692647457123	-3.5	0.995	Mild
323	p.(Gly323Arg)	1.59451587824844	25.8119814395905	-0.4	-0.96	Severe
323	p.(Gly323Glu)	1.6287423350393	25.8119814395905	-0.4	-0.96	Severe
324	p.(Gln324Pro)	1.44579705575324	77.6288046836853	-3.5	0.703	Mild
325	p.(Phe325Ser)	1.5814213725411	43.2819092869759	2.8	-0.344	Moderate
328	p.(Phe328Leu)	1.44603511614906	43.8613409996033	2.8	-0.789	Mild
331	p.(Ile331Ser)	1.56757665206145	65.650395154953	4.5	-0.702	Mild
331	p.(Ile331Thr)	1.53185637465939	65.650395154953	4.5	-0.702	Mild
331	p.(Ile331Phe)	1.39413415879693	65.650395154953	4.5	-0.702	Mild
338	p.(Gly338Val)	1.56855063448757	3.76362299919128	-0.4	-0.955	Mild
340	p.(Glu340Asp)	1.47692452617897	24.6929757595062	-3.5	-0.054	Mild
340	p.(Glu340Lys)	1.58024238346116	24.6929757595062	-3.5	-0.054	Mild
342	p.(Tyr342Cys)	1.55823814606649	74.8668491840363	-1.3	1.813	Moderate
364	p.(Asp364Asn)	1.50927949612654	NA	NA	1.695	Moderate
366	p.(Asp366Asn)	1.50927949612654	NA	NA	0.355	Mild
380	p.(Asp380Gly)	1.61077966111792	83.1793766021729	-3.5	-0.3	Severe
390	p.(Ile390Thr)	1.53185637465939	87.8842623233795	4.5	0.966	Mild
396	p.(Lys396Met)	1.61064656089731	113.611224651337	-3.9	1.282	Moderate
399	p.(Lys399Glu)	1.58024238346116	95.8864312171936	-3.9	1.117	Mild
401	p.(Trp401Arg)	1.72578109371647	73.3147084712982	-0.9	-0.149	Mild
401	p.(Trp401Gly)	1.77225009154011	73.3147084712982	-0.9	-0.149	Mild
404	p.(Tyr404Asp)	1.61699442361674	49.5825862884522	-1.3	0.012	Severe
411	p.(Asp411Gly)	1.61077966111792	43.4030809402466	-3.5	0.603	Mild
412	p.(Trp412Gly)	1.77225009154011	43.1326513290405	-0.9	-1.092	Severe
412	p.(Trp412Arg)	1.72578109371647	43.1326513290405	-0.9	-1.092	Severe
414	p.(Tyr414Cys)	1.55823814606649	0	-1.3	-1.007	Severe
422	p.(Asp422His)	1.55074962864559	87.3791527748108	-3.5	1.204	Severe
424	p.(Arg424Ser)	1.5347722373723	57.1898965835571	-4.5	0.137	Moderate
434	p.(Gly434Asp)	1.61077966111792	20.4828641414642	-0.4	0.88	Severe
442	p.(Tyr442Cys)	1.55823814606649	9.7947359085083	-1.3	-1.147	Severe
442	p.(Tyr442Asn)	1.54073367764837	9.7947359085083	-1.3	-1.147	Severe
444	p.(Lys444Arg)	1.49214655071386	0	-3.9	-1.115	Severe
444	p.(Lys444Thr)	1.48594444953358	0	-3.9	-1.115	Severe
444	p.(Lys444Asn)	1.48280419781644	0	-3.9	-1.115	Severe
447	p.(Phe447Ser)	1.5814213725411	19.966691493988	2.8	-0.19	Severe
454	p.(Thr454Ile)	1.53185637465939	76.6819380521774	-0.7	-0.533	Mild
467	p.(Ile467Ser)	1.56757665206145	0	4.5	-0.74	Severe
480	p.(Leu480Pro)	1.64149323501341	0	3.8	0.64	Moderate
482	p.(Ile482Phe)	1.39413415879693	16.2483494281769	4.5	-0.917	Severe
485	p.(Lys485Thr)	1.48594444953358	20.5910303592682	-3.9	-0.216	Mild
486	p.(Asn486Ser)	1.35101914579319	13.3006896972656	-3.5	-1.15	Moderate
489	p.(Ser489Asn)	1.35101914579319	45.6534798145294	-0.8	-0.802	Moderate
493	p.(Asn493Asp)	1.50927949612654	0	-3.5	-1.079	Moderate
495	p.(Tyr495Asp)	1.61699442361674	41.3950808048248	-1.3	-0.15	Moderate
496	p.(Pro496Arg)	1.57286471274788	3.77884244918823	-1.6	-0.895	Severe
524	p.(Pro524Leu)	1.64149323501341	69.6360423564911	-1.6	-1.101	Mild
525	p.(Gly525Arg)	1.59451587824844	33.7841260433197	-0.4	-0.876	Mild
529	p.(Lys529Glu)	1.58024238346116	78.8876620531082	-3.9	0.323	Moderate
540	p.(Pro540Leu)	1.64149323501341	33.3193171024322	-1.6	-1.158	Moderate
540	p.(Pro540Thr)	1.46453611379323	33.3193171024322	-1.6	-1.158	Moderate
540	p.(Pro540Ser)	1.3812484028361	33.3193171024322	-1.6	-1.158	Moderate
541	p.(Thr541Ser)	1.2095712629471	37.749790251255	-0.7	-0.42	Mild
545	p.(Pro545Arg)	1.57286471274788	51.5736339688301	-1.6	-0.553	Severe
547	p.(Cys547Arg)	1.61163296745313	10.6988525390625	2.5	-1.051	Severe
547	p.(Cys547Tyr)	1.55823814606649	10.6988525390625	2.5	-1.051	Severe
547	p.(Cys547Trp)	1.57121917979127	10.6988525390625	2.5	-1.051	Severe
547	p.(Cys547Phe)	1.48352469809768	10.6988525390625	2.5	-1.051	Severe
549	p.(Thr549Asn)	1.48661963175983	6.29324674606323	-0.7	-0.894	Mild
551	p.(Tyr551Cys)	1.55823814606649	64.5145745277405	-1.3	-0.193	Mild
552	p.(Tyr552His)	1.49765263059482	30.8053703308105	-1.3	-1.147	Severe
556	p.(Val556Asp)	1.60213771529678	33.4431791305542	4.2	0.928	Moderate
560	p.(Arg560Gly)	1.59451587824844	90.3023769855499	-4.5	-0.32	Mild
560	p.(Arg560Thr)	1.55741473853016	90.3023769855499	-4.5	-0.32	Mild
561	p.(Asp561Asn)	1.50927949612654	0	-3.5	-1.087	Severe
561	p.(Asp561His)	1.55074962864559	0	-3.5	-1.087	Severe
561	p.(Asp561Tyr)	1.61699442361674	0	-3.5	-1.087	Severe
561	p.(Asp561Ala)	1.57071931763197	0	-3.5	-1.087	Severe
561	p.(Asp561Gly)	1.61077966111792	0	-3.5	-1.087	Severe
561	p.(Asp561Glu)	1.47692452617897	0	-3.5	-1.087	Severe
562	p.(Leu562Pro)	1.64149323501341	63.9749684333801	3.8	0.358	Mild
564	p.(Ser564Leu)	1.47018212281646	0	-0.8	-1.016	Severe
567	p.(Ile567Phe)	1.39413415879693	27.7392251491547	4.5	-0.733	Mild
567	p.(Ile567Thr)	1.53185637465939	27.7392251491547	4.5	-0.733	Mild
572	p.(Ile572Phe)	1.39413415879693	8.26639652252197	4.5	-0.966	Mild
573	p.(Cys573Tyr)	1.55823814606649	14.0694737434387	2.5	-0.968	Moderate
573	p.(Cys573Phe)	1.48352469809768	14.0694737434387	2.5	-0.968	Moderate
576	p.(Glu576Lys)	1.58024238346116	103.661908626556	-3.5	1.33	Mild
578	p.(Val578Ala)	1.44182842123695	86.4244955778122	4.2	-0.546	Mild
583	p.(Asn583Ser)	1.35101914579319	71.855756521225	-3.5	0.331	Mild
586	p.(Met586Val)	1.47766646921169	94.2792959213257	1.9	-0.209	Mild
593	p.(Ile593Asn)	1.50282314360507	0	4.5	-0.843	Severe
593	p.(Ile593Thr)	1.53185637465939	0	4.5	-0.843	Severe
595	p.(Phe595Ser)	1.5814213725411	18.1669283509254	2.8	-0.928	Severe
596	p.(Ser596Phe)	1.5814213725411	28.4422568082809	-0.8	-0.708	Moderate
599	p.(Asp599His)	1.55074962864559	29.8341293334961	-3.5	-1.09	Severe
600	p.(Glu600Gln)	1.47047453404348	22.5824887752533	-3.5	-1.126	Severe
600	p.(Glu600Lys)	1.58024238346116	22.5824887752533	-3.5	-1.126	Severe
602	p.(Arg602Gly)	1.59451587824844	94.6910907030106	-4.5	0.872	Mild
604	p.(Trp604Arg)	1.72578109371647	79.5858242511749	-0.9	-0.971	Severe
604	p.(Trp604Cys)	1.57121917979127	79.5858242511749	-0.9	-0.971	Severe
614	p.(Leu614Arg)	1.62251371823284	23.7446744441986	3.8	0.041	Mild
620	p.(Val620Met)	1.47766646921169	46.7242156267166	4.2	0.579	Mild
635	p.(Ser635Asn)	1.35101914579319	0	-0.8	-0.672	Mild
638	p.(Gly638Asp)	1.61077966111792	0	-0.4	-1.084	Severe
638	p.(Gly638Ser)	1.54156884949282	0	-0.4	-1.084	Severe
641	p.(Phe641Ser)	1.5814213725411	26.2016019821167	2.8	-0.252	Mild
645	p.(Gln645Pro)	1.44579705575324	66.0040066242218	-3.5	0.889	Moderate
650	p.(Leu650Pro)	1.64149323501341	80.168065071106	3.8	0.713	Mild
650	p.(Leu650Val)	1.42874851166931	80.168065071106	3.8	0.713	Mild
650	p.(Leu650Phe)	1.44603511614906	80.168065071106	3.8	0.713	Mild
651	p.(His651Pro)	1.43610581021406	89.1416779756546	-3.2	0.168	Moderate
654	p.(Ala654Glu)	1.51259578210838	22.3370325565338	1.8	0.153	Moderate
655	p.(Tyr655Cys)	1.55823814606649	72.1539863348007	-1.3	-0.087	Mild
655	p.(Tyr655His)	1.49765263059482	72.1539863348007	-1.3	-0.087	Mild
657	p.(Tyr657Cys)	1.55823814606649	8.14244651794434	-1.3	-0.738	Mild
658	p.(Ile658Ser)	1.56757665206145	0	4.5	-0.556	Moderate
659	p.(Leu659Pro)	1.64149323501341	10.7780351638794	3.8	-0.469	Moderate
661	p.(Ile661Asn)	1.50282314360507	60.1071321964264	4.5	-0.708	Mild
662	p.(Gly662Ala)	1.59051432384743	28.653130710125	-0.4	-1.085	Severe
662	p.(Gly662Arg)	1.59451587824844	28.653130710125	-0.4	-1.085	Severe
663	p.(Ala663Val)	1.44182842123695	51.9583333730698	1.8	-0.66	Mild
669	p.(Ser669Pro)	1.3812484028361	2.93190217018127	-0.8	-0.984	Moderate
670	p.(Val670Leu)	1.42874851166931	9.03342819213867	4.2	-0.376	Mild
671	p.(Phe671Leu)	1.44603511614906	0	2.8	-0.667	Mild
672	p.(Phe672Ser)	1.5814213725411	25.650294303894	2.8	-0.933	Severe
676	p.(Thr676Ser)	1.2095712629471	0	-0.7	-0.44	Mild
677	p.(Phe677Leu)	1.44603511614906	0	2.8	-0.777	Moderate
681	p.(Met681Ile)	1.42182159972165	72.7737190723419	1.9	0.553	Mild
686	p.(Thr686Arg)	1.55741473853016	20.1689507961273	-0.7	-0.578	Moderate
693	p.(Ser693Leu)	1.47018212281646	48.6028735637665	-0.8	-0.549	Mild
695	p.(Glu695Gly)	1.6287423350393	43.4333935976028	-3.5	0.132	Mild
696	p.(Thr696Asn)	1.48661963175983	26.0882680416107	-0.7	-0.925	Mild
696	p.(Thr696Ile)	1.53185637465939	26.0882680416107	-0.7	-0.925	Mild
700	p.(Ser700Pro)	1.3812484028361	37.3848996162415	-0.8	-0.289	Mild
700	p.(Ser700Leu)	1.47018212281646	37.3848996162415	-0.8	-0.289	Mild
707	p.(Trp707Arg)	1.72578109371647	52.5477931499481	-0.9	-0.819	Mild
714	p.(Ser714Leu)	1.47018212281646	39.6953217983246	-0.8	0.431	Mild
724	p.(Leu724Phe)	1.44603511614906	62.9603586196899	3.8	0.685	Mild
725	p.(Leu725Gln)	1.56064570171682	7.84159421920776	3.8	-0.385	Severe
727	p.(Val727Phe)	1.42144775294378	9.63112950325012	4.2	-0.985	Severe
730	p.(Cys730Tyr)	1.55823814606649	49.3668694496155	2.5	-1.055	Severe
738	p.(Tyr738Cys)	1.55823814606649	118.243041396141	-1.3	0.308	Mild
739	p.(Glu739Lys)	1.58024238346116	98.7767775058746	-3.5	0.598	Mild
742	p.(Tyr742Cys)	1.55823814606649	103.508694410324	-1.3	1.101	Mild
750	p.(Leu750Val)	1.42874851166931	NA	NA	1.714	Moderate
845	p.(Asp845Glu)	1.47692452617897	NA	NA	NA	Severe
867	p.(Val867Leu)	1.42874851166931	NA	NA	NA	Severe
870	p.(Pro870Arg)	1.57286471274788	NA	NA	NA	Moderate
912	p.(Asn912Asp)	1.50927949612654	NA	NA	NA	Severe
935	p.(Gln935Glu)	1.47047453404348	NA	NA	NA	Severe
947	p.(Pro947Arg)	1.57286471274788	NA	NA	NA	Moderate
998	p.(His998Gln)	1.46185792343106	NA	NA	NA	Severe
1066	p.(His1066Tyr)	1.49765263059482	NA	NA	NA	Severe
1093	p.(Met1093Ile)	1.42182159972165	NA	NA	NA	Moderate
1110	p.(Asn1110Tyr)	1.54073367764837	NA	NA	NA	Mild
1153	p.(Pro1153Ala)	1.49033321137312	NA	NA	NA	Mild
1234	p.(His1234Leu)	1.52261008156825	NA	NA	NA	Severe
1314	p.(Thr1314Pro)	1.46453611379323	NA	NA	NA	Moderate
1329	p.(Arg1329His)	1.52038960135607	NA	NA	NA	Mild
1336	p.(Gln1336Lys)	1.4528714419473	NA	NA	NA	Mild
1511	p.(Val1511Ile)	1.13911569549528	NA	NA	NA	Severe
1530	p.(Ser1530Thr)	1.2095712629471	NA	NA	NA	Mild
1598	p.(Glu1598Asp)	1.47692452617897	NA	NA	NA	Severe
1610	p.(Ala1610Ser)	1.38354982786128	NA	NA	NA	Severe
1622	p.(Ala1622Thr)	1.48543669201508	NA	NA	NA	Severe
1660	p.(Pro1660Leu)	1.64149323501341	NA	NA	NA	Severe
1681	p.(Ile1681Val)	1.13911569549528	NA	NA	NA	Mild
1701	p.(Glu1701Lys)	1.58024238346116	NA	NA	NA	Mild
1707	p.(Pro1707Arg)	1.57286471274788	NA	NA	NA	Mild
1709	p.(Ser1709Arg)	1.5347722373723	70.458202123642	-0.8	-0.315	Mild
1712	p.(Lys1712Asn)	1.48280419781644	104.064472258091	-3.9	0.784	Moderate
1718	p.(Phe1718Leu)	1.44603511614906	93.8331279754639	2.8	-0.61	Mild
1726	p.(Trp1726Ser)	1.54758481564402	57.3009865283966	-0.9	-1.075	Severe
1726	p.(Trp1726Cys)	1.57121917979127	57.3009865283966	-0.9	-1.075	Severe
1727	p.(Asp1727Val)	1.60213771529678	60.8646039962769	-3.5	-0.739	Mild
1729	p.(Gly1729Glu)	1.6287423350393	50.2545754909515	-0.4	-0.111	Mild
1730	p.(Met1730Val)	1.47766646921169	97.8414087295532	1.9	0.05	Severe
1749	p.(Phe1749Leu)	1.44603511614906	53.8015033602715	2.8	-0.835	Moderate
1754	p.(Phe1754Leu)	1.44603511614906	0	2.8	-0.648	Severe
1755	p.(Gln1755Pro)	1.44579705575324	32.7759323120117	-3.5	-0.694	Severe
1764	p.(Gln1764Arg)	1.5206551937778	85.1054435968399	-3.5	0.823	Severe
1768	p.(Arg1768His)	1.52038960135607	107.480761766434	-4.5	-0.452	Mild
1768	p.(Arg1768Cys)	1.61163296745313	107.480761766434	-4.5	-0.452	Mild
1769	p.(Gly1769Arg)	1.59451587824844	39.8852138519287	-0.4	-0.672	Mild
1770	p.(Glu1770Lys)	1.58024238346116	36.4743367433548	-3.5	-1.127	Severe
1771	p.(Leu1771Pro)	1.64149323501341	75.8433502912521	3.8	0.731	Mild
1772	p.(Asn1772Ile)	1.50282314360507	56.9172768592834	-3.5	0.115	Mild
1779	p.(Gly1779Arg)	1.59451587824844	0	-0.4	-1.201	Severe
1779	p.(Gly1779Glu)	1.6287423350393	0	-0.4	-1.201	Severe
1782	p.(Ile1782Arg)	1.57032314261353	24.8837797641754	4.5	-1.065	Severe
1783	p.(Arg1783Thr)	1.55741473853016	43.2781820297241	-4.5	-0.72	Mild
1786	p.(Val1786Gly)	1.56855063448757	39.5733275413513	4.2	-0.663	Mild
1791	p.(Met1791Thr)	1.59926173426841	38.4274936914444	1.9	-0.181	Severe
1792	p.(Val1792Leu)	1.42874851166931	9.89717197418213	4.2	-0.889	Mild
1792	p.(Val1792Ala)	1.44182842123695	9.89717197418213	4.2	-0.889	Mild
1799	p.(Ser1799Pro)	1.3812484028361	39.9949935674667	-0.8	-0.751	Mild
1801	p.(Pro1801Ala)	1.49033321137312	28.6561679840088	-1.6	-0.868	Mild
1806	p.(Ser1806Pro)	1.3812484028361	0	-0.8	-0.881	Severe
1808	p.(Leu1808Phe)	1.44603511614906	0	3.8	-0.999	Mild
1808	p.(Leu1808Pro)	1.64149323501341	0	3.8	-0.999	Mild
1811	p.(Tyr1811Asn)	1.54073367764837	89.7354731559753	-1.3	-0.748	Severe
1824	p.(Asn1824Ile)	1.50282314360507	50.9476262331009	-3.5	-0.042	Moderate
1826	p.(Val1826Phe)	1.42144775294378	31.4569430351257	4.2	-0.756	Moderate
1836	p.(Trp1836Arg)	1.72578109371647	28.3663024008274	-0.9	-0.693	Moderate
1840	p.(His1840Leu)	1.52261008156825	85.3656538724899	-3.2	1.412	Moderate
1843	p.(Ala1843Val)	1.44182842123695	16.6953692436218	1.8	-0.866	Mild
1843	p.(Ala1843Thr)	1.48543669201508	16.6953692436218	1.8	-0.866	Mild
1844	p.(Pro1844Leu)	1.64149323501341	17.4694669246674	-1.6	-1.17	Mild
1844	p.(Pro1844Ser)	1.3812484028361	17.4694669246674	-1.6	-1.17	Mild
1847	p.(Asp1847Gly)	1.61077966111792	60.0548186302185	-3.5	1.552	Severe
1851	p.(Cys1851Arg)	1.61163296745313	0	2.5	-1.151	Severe
1854	p.(Trp1854Cys)	1.57121917979127	4.77345561981201	-0.9	-0.974	Severe
1859	p.(Asp1859Gly)	1.61077966111792	24.7197451591492	-3.5	-0.602	Moderate
1861	p.(Asp1861Tyr)	1.61699442361674	60.5054059028626	-3.5	-0.911	Mild
1863	p.(Glu1863Lys)	1.58024238346116	59.3405587673187	-3.5	-0.905	Mild
1864	p.(Lys1864Glu)	1.58024238346116	65.6854648590088	-3.9	-0.029	Mild
1867	p.(His1867Arg)	1.52038960135607	19.4197869300842	-3.2	-0.545	Moderate
1868	p.(Ser1868Leu)	1.47018212281646	0	-0.8	-1.088	Severe
1868	p.(Ser1868Pro)	1.3812484028361	0	-0.8	-1.088	Severe
1870	p.(Leu1870Arg)	1.62251371823284	0	3.8	-1.164	Severe
1872	p.(Gly1872Arg)	1.59451587824844	10.5069143772125	-0.4	-1.161	Severe
1872	p.(Gly1872Glu)	1.6287423350393	10.5069143772125	-0.4	-1.161	Severe
1875	p.(Leu1875Pro)	1.64149323501341	0	3.8	-0.597	Severe
1876	p.(Val1876Leu)	1.42874851166931	0	4.2	-0.864	Mild
1877	p.(Cys1877Arg)	1.61163296745313	0	2.5	-1.196	Severe
1877	p.(Cys1877Tyr)	1.55823814606649	0	2.5	-1.196	Severe
1881	p.(Thr1881Pro)	1.46453611379323	41.1385824680328	-0.7	-0.57	Severe
1882	p.(Leu1882Pro)	1.64149323501341	39.583603978157	3.8	-0.841	Severe
1889	p.(Gln1889His)	1.46185792343106	26.4245276451111	-3.5	0.489	Mild
1892	p.(Val1892Ile)	1.13911569549528	21.8019046783447	4.2	0.458	Moderate
1895	p.(Phe1895Ser)	1.5814213725411	0	2.8	-0.894	Mild
1896	p.(Ala1896Pro)	1.49033321137312	9.37819671630859	1.8	0.016	Severe
1901	p.(Ile1901Phe)	1.39413415879693	13.2531852722168	4.5	-0.422	Mild
1913	p.(Asn1913Ser)	1.35101914579319	76.4915223121643	-3.5	-0.675	Mild
1913	p.(Asn1913Lys)	1.48280419781644	76.4915223121643	-3.5	-0.675	Mild
1939	p.(Ala1939Glu)	1.51259578210838	0	1.8	-0.882	Severe
1939	p.(Ala1939Thr)	1.48543669201508	0	1.8	-0.882	Severe
1939	p.(Ala1939Val)	1.44182842123695	0	1.8	-0.882	Severe
1939	p.(Ala1939Pro)	1.49033321137312	0	1.8	-0.882	Severe
1940	p.(Ile1940Asn)	1.50282314360507	0	4.5	-1.106	Mild
1943	p.(Tyr1943Cys)	1.55823814606649	36.4689009189606	-1.3	-0.72	Mild
1944	p.(Ile1944Lys)	1.5811833529069	46.0268903970718	4.5	-0.524	Mild
1950	p.(Gly1950Asp)	1.61077966111792	5.06405544281006	-0.4	-1.158	Mild
1959	p.(Ile1959Phe)	1.39413415879693	0	4.5	-0.438	Moderate
1963	p.(Leu1963Pro)	1.64149323501341	0	3.8	-1.083	Severe
1964	p.(Leu1964Pro)	1.64149323501341	44.177258014679	3.8	-0.657	Severe
1965	p.(Ser1965Ile)	1.56757665206145	11.472583770752	-0.8	-1.049	Severe
1968	p.(Ser1968Arg)	1.5347722373723	42.5893974304199	-0.8	-0.126	Mild
1974	p.(Ser1974Tyr)	1.50074262757609	0	-0.8	-0.847	Severe
1982	p.(Phe1982Ile)	1.39413415879693	4.56183910369873	2.8	-0.903	Mild
1982	p.(Phe1982Leu)	1.44603511614906	4.56183910369873	2.8	-0.903	Mild
1986	p.(Lys1986Ile)	1.5811833529069	73.9687603712082	-3.9	0.385	Moderate
1989	p.(Glu1989Gly)	1.6287423350393	47.8558506965637	-3.5	-0.169	Mild
1993	p.(Ala1993Thr)	1.48543669201508	11.4986259937286	1.8	-0.741	Mild
1997	p.(Leu1997Phe)	1.44603511614906	0	3.8	-1.164	Mild
1999	p.(Pro1999Leu)	1.64149323501341	15.4618442058563	-1.6	-1.091	Mild
2007	p.(Met2007Ile)	1.42182159972165	15.0620710849762	1.9	-1.099	Mild
2013	p.(Gly2013Arg)	1.59451587824844	23.8060709238052	-0.4	-1.162	Severe
2017	p.(Val2017Met)	1.47766646921169	0	4.2	-0.695	Mild
2023	p.(Glu2023Lys)	1.58024238346116	57.5544786453247	-3.5	-0.057	Mild
2030	p.(Ser2030Asn)	1.35101914579319	8.67201232910156	-0.8	-0.796	Mild
2036	p.(Tyr2036Cys)	1.55823814606649	38.2095084190369	-1.3	-0.509	Moderate
2044	p.(Leu2044Pro)	1.64149323501341	42.1177903413773	3.8	-0.884	Severe
2047	p.(Ala2047Gly)	1.59051432384743	43.7910796403885	1.8	-0.093	Severe
2051	p.(Ile2051Ser)	1.56757665206145	56.0890663862228	4.5	-0.911	Severe
2053	p.(Asp2053Val)	1.60213771529678	70.1218323707581	-3.5	-0.981	Mild
2056	p.(Ile2056Asn)	1.50282314360507	64.6382931470871	4.5	-1.043	Moderate
2058	p.(Ala2058Pro)	1.49033321137312	18.5473462343216	1.8	-1.063	Moderate
2060	p.(Gly2063Ala)	1.59051432384743	27.4511439800262	-0.4	0.278	Mild
2060	p.(Gly2060Val)	1.56855063448757	27.4511439800262	-0.4	0.278	Mild
2063	p.(Gly2063Arg)	1.59451587824844	37.2166796922684	-0.4	0.504	Severe
2066	p.(Ala2066Val)	1.44182842123695	12.9577493667603	1.8	0.2	Mild
2067	p.(Pro2067Leu)	1.64149323501341	37.5598049163818	-1.6	-0.95	Severe
2069	p.(Leu2069Pro)	1.64149323501341	38.9170632958412	3.8	-0.961	Moderate
2071	p.(Arg2071Ser)	1.5347722373723	61.1118731498718	-4.5	-1.163	Severe
2081	p.(Trp2081Ser)	1.54758481564402	11.5670070648193	-0.9	-1.165	Severe
2081	p.(Trp2081Cys)	1.57121917979127	11.5670070648193	-0.9	-1.165	Severe
2081	p.(Trp2081Arg)	1.72578109371647	11.5670070648193	-0.9	-1.165	Severe
2088	p.(Ser2088Phe)	1.5814213725411	25.0016757249832	-0.8	-0.213	Severe
2088	p.(Ser2088Tyr)	1.50074262757609	25.0016757249832	-0.8	-0.213	Severe
2091	p.(Lys2091Thr)	1.48594444953358	48.1526212692261	-3.9	-1.102	Mild
2092	p.(Val2092Gly)	1.56855063448757	11.7723083496094	4.2	-1.086	Moderate
2101	p.(His2101Arg)	1.52038960135607	0	-3.2	-1.035	Mild
2101	p.(His2101Asp)	1.55074962864559	0	-3.2	-1.035	Mild
2109	p.(Arg2109Cys)	1.61163296745313	106.099636077881	-4.5	-0.268	Mild
2115	p.(Leu2115Pro)	1.64149323501341	14.6763525009155	3.8	0.413	Mild
2118	p.(Ser2118Pro)	1.3812484028361	38.0301277637482	-0.8	0.35	Mild
2120	p.(Phe2120Cys)	1.48352469809768	0	2.8	-0.423	Mild
2120	p.(Phe2120Leu)	1.44603511614906	0	2.8	-0.423	Mild
2121	p.(Ile2121Asn)	1.50282314360507	43.6026780605316	4.5	0.759	Mild
2125	p.(Ser2125Thr)	1.2095712629471	17.485330581665	-0.8	-1.126	Severe
2131	p.(Trp2131Cys)	1.57121917979127	75.4626107215881	-0.9	-1.081	Moderate
2136	p.(Gly2136Arg)	1.59451587824844	19.8771998882294	-0.4	-0.869	Severe
2141	p.(Thr2141Asn)	1.48661963175983	82.7780654430389	-0.7	1.304	Severe
2146	p.(Phe2146Ser)	1.5814213725411	91.3940224051476	2.8	1.507	Mild
2149	p.(Val2149Gly)	1.56855063448757	58.1570630073547	4.2	0.138	Moderate
2150	p.(Asp2150Val)	1.60213771529678	47.7983365058899	-3.5	-0.381	Severe
2151	p.(Ser2151Leu)	1.47018212281646	39.2197504043579	-0.8	-0.397	Mild
2152	p.(Ser2152Pro)	1.3812484028361	44.7731008529663	-0.8	-0.105	Mild
2155	p.(Lys2155Glu)	1.58024238346116	63.4210994243622	-3.9	-0.33	Mild
2163	p.(Ile2163Ser)	1.56757665206145	5.65310823917389	4.5	-0.276	Severe
2165	p.(Ala2165Val)	1.44182842123695	12.5948376655579	1.8	-0.983	Mild
2176	p.(Ser2176Arg)	1.5347722373723	26.5232507586479	-0.8	0.86	Mild
2179	p.(Ser2179Arg)	1.5347722373723	10.7924833297729	-0.8	-0.345	Moderate
2180	p.(Thr2180Asn)	1.48661963175983	0	-0.7	-0.848	Severe
2184	p.(Glu2184Lys)	1.58024238346116	30.0276999473572	-3.5	-1.154	Moderate
2184	p.(Glu2184Ala)	1.51259578210838	30.0276999473572	-3.5	-1.154	Moderate
2184	p.(Glu2184Gly)	1.6287423350393	30.0276999473572	-3.5	-1.154	Moderate
2190	p.(Leu2190Val)	1.42874851166931	78.5856890678406	3.8	-0.131	Mild
2195	p.(Met2195Leu)	1.50401733858986	61.7372431755066	1.9	0.466	Mild
2196	p.(Pro2196Leu)	1.64149323501341	62.583637714386	-1.6	-0.942	Mild
2200	p.(Glu2200Asp)	1.47692452617897	68.4566464424133	-3.5	-0.644	Mild
2201	p.(Ser2201Ile)	1.56757665206145	57.445808827877	-0.8	1.045	Mild
2204	p.(Ile2204Thr)	1.53185637465939	39.7277529835701	4.5	-1.107	Mild
2209	p.(Ile2209Asn)	1.50282314360507	14.6618585586548	4.5	-0.717	Moderate
2212	p.(Ser2212Pro)	1.3812484028361	29.087895154953	-0.8	-1.183	Moderate
2213	p.(Ser2213Phe)	1.5814213725411	25.3641762733459	-0.8	-1.144	Severe
2213	p.(Ser2213Cys)	1.53050809491335	25.3641762733459	-0.8	-1.144	Severe
2213	p.(Ser2213Tyr)	1.50074262757609	25.3641762733459	-0.8	-1.144	Severe
2222	p.(Trp2222Arg)	1.72578109371647	36.7127799987793	-0.9	-1.164	Moderate
2229	p.(Leu2229Phe)	1.44603511614906	24.716073513031	3.8	-0.872	Mild
2229	p.(Leu2229Pro)	1.64149323501341	24.716073513031	3.8	-0.872	Mild
2230	p.(His2230Pro)	1.43610581021406	90.9083993434906	-3.2	-0.795	Severe
2233	p.(Gly2233Trp)	1.77225009154011	36.3959535360336	-0.4	-1.076	Mild
2237	p.(Ala2237Thr)	1.48543669201508	0	1.8	-1.152	Mild
2239	p.(Arg2239Gly)	1.59451587824844	45.8386670351028	-4.5	-0.798	Moderate
2242	p.(Val2242Met)	1.47766646921169	75.394228219986	4.2	0.62	Severe
2247	p.(Glu2247Asp)	1.47692452617897	33.3583722114563	-3.5	-0.868	Mild
2249	p.(Leu2249Arg)	1.62251371823284	0	3.8	-0.789	Severe
2250	p.(Gln2250His)	1.46185792343106	21.8908367156982	-3.5	-1.109	Mild
2253	p.(Phe2253Ser)	1.5814213725411	39.6590070724487	2.8	-0.421	Moderate
2258	p.(Lys2258Glu)	1.58024238346116	80.8957624435425	-3.9	-0.851	Mild
2259	p.(Val2259Phe)	1.42144775294378	0	4.2	-0.898	Mild
2264	p.(Thr2264Ala)	1.48543669201508	0	-0.7	-1.093	Mild
2272	p.(Thr2272Pro)	1.46453611379323	61.3953495025635	-0.7	0.076	Moderate
2274	p.(Met2274Val)	1.47766646921169	13.8032083511353	1.9	-0.833	Mild
2280	p.(Leu2280Pro)	1.64149323501341	37.0966997146606	3.8	0.463	Severe
2283	p.(Ser2283Arg)	1.5347722373723	17.4129030704498	-0.8	0.017	Mild
2284	p.(Ser2284Arg)	1.5347722373723	12.2553696632385	-0.8	-1.105	Mild
2286	p.(Asp2286Val)	1.60213771529678	41.7845666408539	-3.5	0.081	Moderate
2290	p.(Trp2290Arg)	1.72578109371647	78.7861533761024	-0.9	-1.082	Moderate
2290	p.(Trp2290Leu)	1.53250877948194	78.7861533761024	-0.9	-1.082	Moderate
2305	p.(Asn2305Lys)	1.48280419781644	25.7547795772552	-3.5	-1.218	Mild
2311	p.(Pro2311His)	1.43610581021406	61.3172869682312	-1.6	-0.245	Mild
2314	p.(Asn2314Tyr)	1.54073367764837	31.4120298624039	-3.5	-0.67	Mild
2315	p.(Ser2315Phe)	1.5814213725411	60.5172350406647	-0.8	0.593	Mild
2320	p.(Leu2320Ser)	1.47018212281646	32.6555709838867	3.8	-0.788	Moderate
2322	p.(Thr2322Asn)	1.48661963175983	14.3749799728394	-0.7	-0.608	Moderate
2324	p.(Tyr2324Asn)	1.54073367764837	36.7380380630493	-1.3	-0.243	Mild
2327	p.(Ile2327Thr)	1.53185637465939	0	4.5	-0.703	Moderate
2330	p.(Gln2330Pro)	1.44579705575324	63.0995121002197	-3.5	0.666	Severe
2334	p.(His2334Pro)	1.43610581021406	100.928180813789	-3.2	0.623	Mild
