AA_HGVS	Residue	Domain	Activity
2339	R	C2	2.5
604	W	A2	4.5
605	Y	A2	4.5
442	Y	A2	4.7
662	G	A2	4.7
650	L	A2	4.8
2344	G	C2	4.9
399	K	A2	5
2314	N	C2	5.3
412	W	A2	5.4
443	K	A2	5.5
498	G	A2	5.5
656	W	A2	5.6
444	K	A2	5.7
2239	R	C2	5.7
486	N	A2	5.9
501	D	A2	5.9
492	Y	A2	6.1
2230	H	C2	6.1
484	F	A2	6.4
2238	W	C2	6.4
405	I	A2	6.5
595	F	A2	6.5
447	F	A2	6.6
610	I	A2	6.8
2321	L	C2	6.9
2325	L	C2	6.9
455	F	A2	7
573	C	A2	7
637	N	A2	7
2248	W	C2	7.3
2334	H	C2	7.3
2338	L	C2	7.3
598	F	A2	7.4
2213	S	C2	7.5
2328	H	C2	7.5
2341	E	C2	7.5
431	L	A2	7.6
438	I	A2	7.6
478	D	A2	7.6
649	C	A2	7.6
2290	W	C2	7.8
2310	T	C2	7.8
552	Y	A2	7.9
401	W	A2	8
439	G	A2	8.3
2327	I	C2	8.3
479	T	A2	8.5
411	D	A2	8.6
480	L	A2	8.7
546	R	A2	8.7
2212	S	C2	8.7
2279	F	C2	8.8
665	T	A2	8.9
560	R	A2	9
2256	T	C2	9
599	D	A2	9.3
641	F	A2	9.3
2193	C	C2	9.3
540	P	A2	9.5
2264	T	C2	9.5
2228	R	C2	9.8
2316	L	C2	9.8
544	D	A2	10
2198	G	C2	10
2253	F	C2	10
2326	R	C2	10
2281	I	C2	10.3
2304	G	C2	10.3
2332	W	C2	10.3
467	I	A2	10.4
482	I	A2	10.4
2266	G	C2	10.5
2342	V	C2	10.5
469	G	A2	10.6
2320	L	C2	10.6
2318	P	C2	10.8
644	L	A2	10.9
457	T	A2	11.2
416	P	A2	11.4
490	R	A2	11.4
2284	S	C2	11.5
561	D	A2	11.9
2307	D	C2	12
493	N	A2	12.1
547	C	A2	12.1
653	V	A2	12.3
2204	I	C2	12.3
588	D	A2	12.5
450	Y	A2	12.6
404	Y	A2	12.7
582	G	A2	12.7
585	I	A2	12.7
554	S	A2	12.8
555	F	A2	13
2252	D	C2	13
2286	D	C2	13.3
2312	V	C2	13.3
2302	F	C2	13.5
2262	V	C2	13.8
2259	V	C2	14
2319	P	C2	14
2295	Q	C2	14.3
2309	F	C2	14.3
638	G	A2	14.4
2249	L	C2	14.8
491	P	A2	15
446	R	A2	15.1
2209	I	C2	15.8
557	N	A2	16.4
470	P	A2	16.5
2229	L	C2	16.5
2251	V	C2	16.5
2199	M	C2	16.7
2273	S	C2	17
2247	E	C2	17.1
2317	D	C2	17.3
579	D	A2	17.6
613	F	A2	18
2276	V	C2	18
2324	Y	C2	18
577	S	A2	18.2
395	K	A2	18.4
2265	Q	C2	18.5
522	I	A2	19.1
2192	S	C2	19.3
521	P	A2	19.7
2323	R	C2	19.9
657	Y	A2	20
472	L	A2	20.7
564	S	A2	21
565	G	A2	21.2
475	E	A2	21.5
2222	W	C2	21.5
2322	T	C2	22.3
485	K	A2	22.7
2206	D	C2	22.8
523	L	A2	22.9
494	I	A2	24.2
477	G	A2	26.3
2197	L	C2	26.3
556	V	A2	26.5
541	T	A2	27.3
2243	N	C2	27.3
568	G	A2	27.4
566	L	A2	27.6
445	V	A2	28.2
668	L	A2	29.1
533	T	A2	29.5
2274	M	C2	29.5
606	L	A2	31
2267	V	C2	31.3
2257	M	C2	31.5
592	V	A2	31.9
530	Y	A2	33.3
570	L	A2	33.9
441	K	A2	34.8
454	T	A2	34.8
496	P	A2	35.4
550	R	A2	35.4
624	D	A2	35.6
525	G	A2	36
400	T	A2	36.2
476	V	A2	36.8
548	L	A2	38
497	H	A2	38.7
423	D	A2	38.9
506	Y	A2	39.7
531	K	A2	39.9
2333	V	C2	40.5
528	F	A2	40.7
495	Y	A2	41.8
524	P	A2	42.2
2260	T	C2	43
593	I	A2	43.7
2195	M	C2	43.8
2246	K	C2	44.3
580	Q	A2	44.7
2278	E	C2	44.8
2217	N	C2	45.1
2255	K	C2	45.3
622	L	A2	46.2
437	R	A2	48.3
2305	N	C2	49
2250	Q	C2	49.7
538	D	A2	50.7
459	E	A2	50.8
2285	Q	C2	51
2291	T	C2	51
536	V	A2	52.2
504	P	A2	52.6
2315	S	C2	52.8
435	P	A2	53
551	Y	A2	53.4
434	G	A2	56.4
402	V	A2	57
562	L	A2	57
2254	Q	C2	57
2216	T	C2	57.3
425	S	A2	57.6
597	V	A2	58.5
2340	M	C2	58.8
2258	K	C2	59
520	F	A2	59.5
575	K	A2	59.8
427	K	A2	60.2
2283	S	C2	60.3
429	Q	A2	60.4
511	P	A2	60.4
545	P	A2	60.4
527	I	A2	60.6
2240	P	C2	61.8
539	G	A2	61.9
2275	Y	C2	62.5
483	I	A2	63
571	L	A2	64.2
2336	I	C2	64.5
2221	T	C2	64.9
2277	K	C2	65
518	K	A2	66.1
2208	Q	C2	66.2
2301	V	C2	66.3
474	G	A2	66.4
426	Y	A2	66.5
432	N	A2	67
2300	K	C2	68.1
451	T	A2	68.5
2294	F	C2	68.5
578	V	A2	69.1
2200	E	C2	69.2
2214	Y	C2	69.2
519	D	A2	69.7
510	L	A2	71
2261	G	C2	71
512	K	A2	71.2
471	L	A2	71.6
2233	G	C2	72
2245	P	C2	72
642	D	A2	72.1
651	H	A2	72.3
424	R	A2	72.9
542	K	A2	73.3
2289	Q	C2	73.5
428	S	A2	73.8
626	E	A2	74.2
517	L	A2	74.4
616	N	A2	74.5
2293	F	C2	74.5
440	R	A2	75.2
513	G	A2	76.3
659	L	A2	76.6
456	K	A2	76.8
558	M	A2	77.2
2272	T	C2	77.7
463	H	A2	78.9
453	E	A2	79.2
620	V	A2	80
640	V	A2	80
643	S	A2	80
464	E	A2	80.1
418	V	A2	80.2
2223	S	C2	80.8
2343	L	C2	80.8
2282	S	C2	81.7
516	H	A2	81.8
2288	H	C2	82
433	N	A2	82.2
422	D	A2	82.7
630	S	A2	84.6
648	V	A2	85.2
2201	S	C2	85.3
473	Y	A2	86.5
652	E	A2	86.7
2292	L	C2	87
2299	V	C2	87
398	P	A2	87.1
2269	S	C2	87.3
436	Q	A2	87.6
549	T	A2	87.6
509	R	A2	88
396	K	A2	88.9
508	R	A2	89.7
461	I	A2	90.3
2311	P	C2	90.7
2224	P	C2	91
397	H	A2	91.3
514	V	A2	91.8
419	L	A2	92.8
2225	S	C2	93
505	L	A2	93.7
2205	S	C2	94
2244	N	C2	94
586	M	A2	94.1
448	M	A2	94.8
569	P	A2	95.3
559	E	A2	97.8
2296	N	C2	98
2297	G	C2	98
526	E	A2	98.4
2219	F	C2	98.6
468	L	A2	99
661	I	A2	99
623	E	A2	99.4
417	L	A2	100.5
611	Q	A2	100.9
543	S	A2	101.1
587	S	A2	101.8
2313	V	C2	102.3
2331	S	C2	102.3
607	T	A2	102.6
647	S	A2	103.3
2287	G	C2	104.3
537	E	A2	104.5
481	L	A2	104.7
2194	S	C2	105
553	S	A2	105.2
2218	M	C2	105.8
619	G	A2	106.9
615	P	A2	107.5
500	T	A2	108.6
487	Q	A2	109.1
581	R	A2	111.6
2202	K	C2	113
2303	Q	C2	114
2330	Q	C2	114.3
515	K	A2	114.5
2280	L	C2	115
2308	S	C2	115
507	S	A2	115.8
2263	T	C2	116.3
410	E	A2	119.8
2215	F	C2	121.3
2196	P	C2	124.5
621	Q	A2	129.1
2270	L	C2	131.3
2271	L	C2	132
2234	R	C2	137.7
2210	T	C2	139.3
2241	Q	C2	141
667	F	A2	143.1
2231	L	C2	147.3
2236	N	C2	151.3
2335	Q	C2	158.3
2232	Q	C2	187
