AA_HGVS	Residue	Domain	Antigen
399	K	A2	0
405	I	A2	0
411	D	A2	0
412	W	A2	0
438	I	A2	0
439	G	A2	0
442	Y	A2	0
443	K	A2	0
444	K	A2	0
447	F	A2	0
450	Y	A2	0
455	F	A2	0
457	T	A2	0
467	I	A2	0
469	G	A2	0
478	D	A2	0
479	T	A2	0
480	L	A2	0
482	I	A2	0
486	N	A2	0
492	Y	A2	0
498	G	A2	0
501	D	A2	0
540	P	A2	0
546	R	A2	0
547	C	A2	0
552	Y	A2	0
554	S	A2	0
560	R	A2	0
565	G	A2	0
573	C	A2	0
595	F	A2	0
598	F	A2	0
599	D	A2	0
604	W	A2	0
605	Y	A2	0
637	N	A2	0
644	L	A2	0
656	W	A2	0
2209	I	C2	0
2222	W	C2	0
2265	Q	C2	0
2273	S	C2	0
555	F	A2	0.2
662	G	A2	0.4
416	P	A2	0.5
557	N	A2	0.5
2199	M	C2	0.5
641	F	A2	0.7
649	C	A2	0.7
2212	S	C2	0.8
2286	D	C2	0.9
2322	T	C2	0.9
2213	S	C2	1
2253	F	C2	1.2
484	F	A2	1.4
2309	F	C2	1.4
2266	G	C2	1.6
2284	S	C2	1.6
2290	W	C2	1.8
2304	G	C2	1.8
446	R	A2	2
2193	C	C2	2.2
470	P	A2	2.4
472	L	A2	2.4
2251	V	C2	2.4
2276	V	C2	2.5
2312	V	C2	2.6
561	D	A2	2.7
2259	V	C2	2.7
2279	F	C2	2.7
2302	F	C2	2.8
2321	L	C2	2.8
2328	H	C2	2.8
2230	H	C2	2.9
2238	W	C2	2.9
2239	R	C2	2.9
2314	N	C2	2.9
2262	V	C2	3.2
2307	D	C2	3.2
2332	W	C2	3.2
2281	I	C2	3.4
2316	L	C2	3.4
2325	L	C2	3.4
2243	N	C2	3.5
491	P	A2	3.7
2256	T	C2	3.8
2326	R	C2	3.8
2327	I	C2	3.8
2198	G	C2	3.9
2229	L	C2	3.9
2249	L	C2	3.9
2318	P	C2	4
2197	L	C2	4.1
2320	L	C2	4.1
2248	W	C2	4.2
665	T	A2	4.3
2228	R	C2	4.3
2310	T	C2	4.3
490	R	A2	4.4
2319	P	C2	4.4
613	F	A2	4.5
564	S	A2	4.7
2206	D	C2	5
2247	E	C2	5.2
2264	T	C2	5.6
404	Y	A2	6.2
2317	D	C2	6.2
2252	D	C2	6.3
493	N	A2	6.6
638	G	A2	6.6
2204	I	C2	8.5
2257	M	C2	10.6
2274	M	C2	11.3
606	L	A2	11.7
494	I	A2	12.9
568	G	A2	12.9
2324	Y	C2	14.6
556	V	A2	14.8
2192	S	C2	14.8
521	P	A2	15.2
477	G	A2	15.4
610	I	A2	15.4
566	L	A2	15.8
485	K	A2	16.5
653	V	A2	16.5
624	D	A2	16.7
523	L	A2	16.8
522	I	A2	17.4
2267	V	C2	17.6
544	D	A2	17.9
2244	N	C2	18.2
401	W	A2	18.7
579	D	A2	18.7
2278	E	C2	19.3
585	I	A2	19.4
622	L	A2	19.5
454	T	A2	20.2
2246	K	C2	20.5
525	G	A2	20.6
533	T	A2	20.6
570	L	A2	22
593	I	A2	22.4
496	P	A2	23.7
2195	M	C2	23.9
597	V	A2	24.1
437	R	A2	25
2250	Q	C2	25.4
551	Y	A2	26.2
2260	T	C2	26.2
2291	T	C2	26.3
2323	R	C2	28.3
2333	V	C2	28.3
2240	P	C2	28.5
524	P	A2	28.7
530	Y	A2	28.9
400	T	A2	29
423	D	A2	29.5
429	Q	A2	30.3
395	K	A2	30.4
512	K	A2	30.5
441	K	A2	31
2208	Q	C2	31
476	V	A2	31.5
2261	G	C2	31.9
577	S	A2	32.9
426	Y	A2	33.1
2305	N	C2	33.1
541	T	A2	33.8
483	I	A2	34.1
520	F	A2	34.9
2280	L	C2	36
425	S	A2	36.1
2282	S	C2	36.4
668	L	A2	36.7
475	E	A2	37
2201	S	C2	37.4
657	Y	A2	37.9
497	H	A2	39
2272	T	C2	39.2
527	I	A2	39.6
2245	P	C2	39.6
2255	K	C2	39.8
2233	G	C2	40.5
562	L	A2	41
652	E	A2	41.1
642	D	A2	41.2
2275	Y	C2	41.4
538	D	A2	42.4
588	D	A2	42.7
2283	S	C2	42.7
550	R	A2	43.1
651	H	A2	43.3
435	P	A2	43.7
440	R	A2	44.2
445	V	A2	44.6
504	P	A2	44.6
548	L	A2	44.6
2285	Q	C2	44.7
2258	K	C2	45.3
2214	Y	C2	46.4
571	L	A2	46.8
2254	Q	C2	47.1
2216	T	C2	48.3
422	D	A2	48.4
626	E	A2	48.7
402	V	A2	49
511	P	A2	50
2292	L	C2	50
620	V	A2	50.4
427	K	A2	50.8
2315	S	C2	50.9
431	L	A2	51
616	N	A2	51.2
2294	F	C2	51.3
640	V	A2	51.4
643	S	A2	51.6
451	T	A2	51.7
528	F	A2	52.5
2224	P	C2	52.6
474	G	A2	53
2221	T	C2	53
418	V	A2	53.3
456	K	A2	53.5
495	Y	A2	54.1
2202	K	C2	54.5
545	P	A2	55.3
2277	K	C2	55.5
433	N	A2	55.6
518	K	A2	56.4
453	E	A2	56.7
630	S	A2	57
514	V	A2	57.4
611	Q	A2	57.6
607	T	A2	57.7
2200	E	C2	58.7
536	V	A2	58.8
648	V	A2	59.2
507	S	A2	59.6
473	Y	A2	60.3
2287	G	C2	60.4
432	N	A2	60.8
2223	S	C2	61.1
2263	T	C2	61.2
434	G	A2	62.6
2289	Q	C2	62.8
659	L	A2	62.9
661	I	A2	63.2
647	S	A2	63.5
667	F	A2	64.4
459	E	A2	65.7
424	R	A2	65.8
615	P	A2	65.8
580	Q	A2	66.5
575	K	A2	66.6
531	K	A2	66.8
2225	S	C2	66.8
2293	F	C2	66.9
436	Q	A2	68
508	R	A2	68
582	G	A2	68.1
526	E	A2	68.4
549	T	A2	68.7
2269	S	C2	68.7
398	P	A2	68.8
2288	H	C2	68.8
623	E	A2	69.4
569	P	A2	71
417	L	A2	71.4
2205	S	C2	72.3
559	E	A2	72.4
396	K	A2	72.5
419	L	A2	72.6
448	M	A2	72.7
621	Q	A2	72.8
517	L	A2	73.4
509	R	A2	74.3
587	S	A2	74.5
619	G	A2	75.3
592	V	A2	75.5
2196	P	C2	76.1
471	L	A2	76.5
463	H	A2	78.5
542	K	A2	78.6
410	E	A2	78.8
578	V	A2	79.1
2295	Q	C2	79.5
513	G	A2	81.3
505	L	A2	81.6
481	L	A2	82
516	H	A2	82.8
510	L	A2	83
397	H	A2	83.7
468	L	A2	84.7
461	I	A2	87.1
464	E	A2	88.3
506	Y	A2	88.7
428	S	A2	89.3
2231	L	C2	89.8
2232	Q	C2	90
2217	N	C2	90.7
2331	S	C2	90.7
2241	Q	C2	91
537	E	A2	92.4
487	Q	A2	92.8
543	S	A2	92.8
2236	N	C2	93.4
553	S	A2	93.6
519	D	A2	94.3
539	G	A2	95
515	K	A2	96.6
2210	T	C2	96.6
581	R	A2	97.9
558	M	A2	99.7
2299	V	C2	100.2
586	M	A2	101.5
2215	F	C2	103
2300	K	C2	111.5
500	T	A2	112.5
2301	V	C2	120.6
2308	S	C2	125.2
2330	Q	C2	128.3
2296	N	C2	132.9
2218	M	C2	171.4
2297	G	C2	175.6
2311	P	C2	192.8
2303	Q	C2	219.5
2313	V	C2	234.9
2270	L	C2	262.3
2234	R	C2	282.6
2271	L	C2	297.9
2219	F	C2	306.9
2194	S	C2	319.5
